City,geom,Incoming,Outgoing,Risk,id
Bluffton,0101000020E6100000B9BC8742F6CE57C07496CA701B3C4740,0,0,0.00035375687822150923,1
Sartell,0101000020E6100000E08E21C2608E57C01886B51C2DCF4640,0,0,0.0019555023938844633,2
Sartell,0101000020E610000080C3EE83158C57C0DF8E01C16ECF4640,0,0,0.0019555023938844633,3
Cambridge,0101000020E610000087E5FA1F964E57C0E4CD0F9ADCC74640,3,5,0.0004390595304106212,4
Waseca,0101000020E6100000B829979E3F6057C02AA92922830A4640,3,3,0.00040157631384157876,5
La Crescent,0101000020E61000003D6612B174D356C054BF096F18EA4540,0,0,0.0006504368850081355,6
La Crescent,0101000020E61000000EC0E7D602D456C01E24ABC0E6EC4540,0,0,0.0006504368850081355,7
Waconia,0101000020E6100000F7235D40947257C0BBB0F922B36B4640,6,8,0.0012246587964837448,8
Aitkin,0101000020E6100000A7D63EB72B6D57C06699FDFE57434740,0,0,0.0001698157391650873,9
Hopkins,0101000020E6100000915FFD12F55957C0BA0C704587764640,29,31,0.003615028548340423,10
Morristown,0101000020E6100000915651EC795C57C081D57A6CB21C4640,2,0,0.0004490410316923378,11
Madison Lake,0101000020E6100000F0978B18557457C0236528DD811A4640,7,7,0.000789333201595755,12
Cobden,0101000020E610000030DE8C0A2CB657C0959419BB29244640,2,2,0.00048391799884652274,13
Evan,0101000020E61000009B7B575E83B557C01AABE43F702D4640,0,0,0.0004970167986785154,14
Lanesboro,0101000020E6100000A687E0F419FE56C09B65099589DB4540,0,0,0.0006584172837738821,15
Isle,0101000020E6100000266F7CC4625D57C01E8E353EC1114740,0,0,0.0002224478360532937,16
Cohasset,0101000020E6100000BCB070D5FE6857C0DB7188DFB69E4740,0,0,0.00022144088711081563,17
Crosby,0101000020E61000008A4396FE437D57C031DF4403A13E4740,0,0,0.0014534014551585706,18
Ceylon,0101000020E61000003EC137C55EA857C03A5CA92528C44540,0,0,0.0002213550203208324,19
Carver,0101000020E61000008CB45A0E756857C023DE62AA60614640,9,14,0.0011868205967940373,20
Milaca,0101000020E610000050B79CB19C6957C000E2FA7FCCE04640,3,4,0.000604106378848304,21
Roseau,0101000020E610000053673E2CC6F057C0730A4ECD176C4840,0,0,4.021772988401625e-05,22
Tyler,0101000020E61000007F983E11920858C02E51844054234640,0,0,0.000304257763078412,23
Bingham Lake,0101000020E6100000AABDFADDF2C257C0E8C533AD69F44540,0,0,0.0003820954523010872,24
Nielsville,0101000020E6100000D066BD5A313458C0EF7F63D0BCC34740,0,0,0.0003011667523608881,25
Mapleton,0101000020E61000007EF5C5BC177D57C06AB72C868DF64540,0,0,0.0004969740053132138,26
Hanover,0101000020E6100000F25960050A6B57C0798EAF907A944640,32,26,0.0035337109784883652,27
Hanover,0101000020E6100000F235D884766957C00B20B878D2934640,32,26,0.0035337109784883652,28
Pine Island,0101000020E6100000A96A4FFA442557C0D48467FA04184640,1,7,0.0011860886076505567,29
Pine Island,0101000020E61000004B0DD099372957C01A89F131241A4640,1,7,0.0011860886076505567,30
Bemidji,0101000020E610000004E6154A65B857C079C80DB082BE4740,0,0,0.0001530851785684153,31
Maple Lake,0101000020E610000085C0B379668057C0DC23B4EBDE9D4640,0,0,0.00042443002610772194,32
Norwood Young America,0101000020E6100000770F03CFC77A57C064D237B6CF624640,3,7,0.0009201162599380692,33
Donaldson,0101000020E6100000D609F4F43B3958C0365B7E7B4E494840,0,0,0.00019168242385546685,34
White Bear Lake,0101000020E6100000499F0FA3E33E57C0A69F036EF7864640,239,239,0.028200144411899664,35
White Bear Lake,0101000020E61000001A26498BFA4057C0242D98CF63884640,239,239,0.028200144411899664,36
Elrosa,0101000020E61000008EAF448398BC57C05F596A013FC84640,0,0,0.0005402182534905417,37
Trail,0101000020E61000006D85F183ACEC57C0A0792CB642E44740,0,0,0.0002662436388506593,38
Randall,0101000020E6100000548820CD0CA057C09B50D539590B4740,0,0,0.000292429186608034,39
Hoyt Lakes,0101000020E61000004814DC5A680757C095BA7696A2C74740,0,0,9.301155554926898e-05,40
Georgetown,0101000020E6100000B92B6B9DEF3258C02FD5F6E4088A4740,0,0,0.00016243037686158158,41
Lake Shore,0101000020E61000004A38F86E439757C014F26FE383404740,0,0,0.000446695816038072,42
Anoka,0101000020E61000005713E3B6E95857C013A5F26CDE9A4640,26,21,0.0027800014514643375,43
Coon Rapids,0101000020E61000004C23465BCC5357C0C8BB5BCA75964640,41,22,0.0035570447661491663,44
Wykoff,0101000020E61000001744E9EB1C1157C004824F40B5DA4540,1,0,0.0003313595423935151,45
Sebeka,0101000020E61000003C2DB4EE9FC557C0C862323388504740,0,0,0.00016758647155691025,46
Pennock,0101000020E6100000C45726C533CB57C0C61DF061AB924640,0,0,0.0003899359433242403,47
Maple Grove,0101000020E61000002C832B6A9A5D57C0A6754926F18D4640,24,25,0.0033997223074905933,48
North Saint Paul,0101000020E61000008B284023F73F57C05A12D765C0814640,43,41,0.004723204589161226,49
Odessa,0101000020E6100000933AAC97571558C0B01CC09B8EA14640,0,0,0.0002938051684789937,50
Laporte,0101000020E610000045F056D978B057C0C06044307C9B4740,0,0,7.708460950499618e-05,51
Dundee,0101000020E610000098371C6FDEDD57C097DA30610CEC4540,0,0,0.001070383154427979,52
Steen,0101000020E6100000739DB057D61058C0E5AC9DD1D4C14540,0,0,0.00019371922279259199,53
Stacy,0101000020E6100000404A1E819C3F57C0459EFAF527B14640,5,8,0.0008887118531936871,54
Fulda,0101000020E6100000EBFDDB218CE657C025BF48393FEF4540,0,0,0.00034743118989443653,55
Callaway,0101000020E6100000DA03BD6D5BFA57C05B0B94A4B27D4740,0,0,0.0001274313033228621,56
Millville,0101000020E6100000E1570E23F21257C07D40EE754A1F4640,0,0,0.0005658774674757606,57
Campbell,0101000020E61000006AE11CE2F31958C0CC17F25F7B0C4740,0,0,0.0002908251797863469,58
East Gull Lake,0101000020E6100000A8DC714DB59657C0B780144087324740,0,0,0.00037159787514477684,59
Hendrum,0101000020E610000071EB3E81E23358C0E8A4B934CFA14740,0,0,0.00023987191763916507,60
Princeton,0101000020E6100000903A3ECEA26557C0AB25C6DAD7C64640,2,0,0.0006462134230296654,61
Princeton,0101000020E610000090741986CE6557C0D0207E1C76C94640,2,0,0.0006462134230296654,62
Amboy,0101000020E6100000DC29EBE51F8A57C06C60BADAA8F14540,2,4,0.0004971445454145774,63
Lucan,0101000020E6100000D52F2D2875DA57C011C789FE7B344640,0,0,0.0005109288956192849,64
Winger,0101000020E61000004807568E1AFF57C0F2A81687A6C44740,0,0,0.00024020375764957606,65
Echo,0101000020E61000000FFB75007BDA57C0DE3393410D4F4640,0,0,0.0005527461967556404,66
Round Lake,0101000020E6100000767F4D4D13DE57C09400EAE8C6C44540,0,0,0.00013557281760187784,67
Perham,0101000020E6100000B85792C2F0E457C0285886BACF4C4740,0,0,0.0002489840417936241,68
Warba,0101000020E6100000AAB4784E035157C0A60FA32781914740,0,0,0.00011918869218580308,69
Medford,0101000020E6100000E59A8652D24F57C0224FD5A493154640,4,2,0.00042421523871189127,70
Cokato,0101000020E61000003A869620068C57C0111E7EE0E3894640,1,3,0.0005114980648868801,71
Westbrook,0101000020E610000092765B82FDDB57C00AE3783957054640,0,0,0.0003738229274077603,72
Faribault,0101000020E61000004476DF91D95157C0FEAE9F2258264640,4,3,0.0004859624260569025,73
Preston,0101000020E61000008A9191CD540557C04024C94017D64540,0,0,0.0003917179350387237,74
Calumet,0101000020E610000097351A880F5157C0403246B9E7A84740,0,0,0.0009225254512817331,75
Brook Park,0101000020E61000003920C839A94457C05DE43D1766F94640,0,0,0.00033952259402199726,76
Foxhome,0101000020E61000001ECB077AFC1358C0E4B580DB70234740,0,0,0.00019854648254376042,77
Fairmont,0101000020E6100000876519EE909D57C0B8C731976FD24540,0,0,0.0003572278487697988,78
Hollandale,0101000020E61000008B3EEF71154D57C0F829FFA343E14540,4,2,0.00047828462625547276,79
Brooks,0101000020E61000004AA70CF3390058C0F9A08B7583E84740,0,0,0.00018637889568419663,80
Burtrum,0101000020E6100000ED2906A5FDAB57C0CC46AF2CD3EE4640,0,0,0.0006487005122468808,81
Meire Grove,0101000020E61000009B038FE9A2B757C0A678F45F26D04640,0,0,0.0010202593138702633,82
Hugo,0101000020E610000056A6D8C35B3D57C05C359F3C62954640,12,24,0.001606543576679971,83
Foreston,0101000020E6100000E50DF265696D57C0D3D17762B4DD4640,2,1,0.000551036090202503,84
Fountain,0101000020E610000052F11B38970857C0D232C2B00BDF4540,0,0,0.0003485713512266847,85
Vermillion,0101000020E6100000DD313722B73D57C0548F3DD636564640,11,16,0.001073770228782143,86
West Concord,0101000020E6100000786DF12E913957C0A2381B4A92134640,1,0,0.0003102951141220943,87
Lake Henry,0101000020E61000001CF1145EF8B257C097E1FBF51EBB4640,1,0,0.0005714817166779404,88
East Bethel,0101000020E6100000E6DCC7560B4D57C075421ABB85AD4640,8,13,0.0009700737675743392,89
Buhl,0101000020E610000093EEEC033A3157C039529FFBEBBF4740,0,0,0.0003868031929881447,90
Proctor,0101000020E6100000D94A03C7990E57C02C6DE181D45E4740,0,0,0.00023128589399850467,91
Hayward,0101000020E61000005D360FFBBD4F57C02CD595F62DD34540,1,4,0.0004245724803950642,92
Wabasha,0101000020E6100000E7C8CA04B00257C0EBB27899712F4640,0,0,0.00031862427370362486,93
Pine Springs,0101000020E6100000C8055A95133D57C06004C2C8B6844640,66,71,0.006466274661835657,94
Nashua,0101000020E61000005774ADD1951358C0C05F6EDFD2044740,0,0,0.0007005173777070906,95
Ogilvie,0101000020E61000000CFF7AAD055B57C0584125551DEA4640,1,2,0.00027662785393719905,96
Milroy,0101000020E61000000BEA857C6DE357C00CB7B9A279354640,0,0,0.00043195124682765974,97
Caledonia,0101000020E6100000ADC5C5700FE056C0ED19A7E634D14540,0,0,0.00020747883394301914,98
Cyrus,0101000020E6100000BF6D6EC13EEF57C085D48D54B1CE4640,0,0,0.00031758974559107685,99
Prinsburg,0101000020E6100000CD45E5DBF7CB57C0E9EEB048AB774640,0,0,0.0004066326824043175,100
Roosevelt,0101000020E61000001EAB48A67EC657C0EA141CF951674840,0,0,0.00010424757738466084,101
Roosevelt,0101000020E6100000AE7087FEA7C557C010AC0C882A664840,0,0,0.00010424757738466084,102
Humboldt,0101000020E6100000C001F72A0E4658C023CF553AF4754840,0,0,9.817651282002093e-05,103
Lonsdale,0101000020E6100000B256D240085B57C0B3B3D511263D4640,2,0,0.0004970802451675123,104
Dexter,0101000020E61000003EAEACC5E22C57C0D66AE6A521DC4540,2,2,0.0003971646068839407,105
Canton,0101000020E61000005280E98383FB56C09778DAB5CEC34540,0,0,0.00022567700574820855,106
Evansville,0101000020E6100000D68D1F4CF4EB57C06E07543CCC004740,0,0,0.0003636140977159067,107
Rice Lake,0101000020E61000008CC114D25C0757C0EFD7B24FCE724740,0,0,8.714471273133172e-05,108
Foley,0101000020E61000007893A7B6337A57C0F2E6EE83F0D44640,0,0,0.0003639024708596835,109
Lester Prairie,0101000020E6100000BE63AB1E588257C0F5C596F110714640,7,5,0.0009372901038351381,110
Burnsville,0101000020E61000000728769EE35157C068214CBEE6614640,22,20,0.0021289647734288293,111
Excelsior,0101000020E6100000B586DA40426457C01D0483475D734640,84,82,0.009843477336514181,112
Hitterdal,0101000020E6100000E18638BA891058C04C5ACB63267D4740,0,0,0.0001730762527533551,113
Pine River,0101000020E61000000CAAB73A719957C0E68B105D785C4740,0,0,0.0008162461036627831,114
Madelia,0101000020E610000005591938E49A57C024CD4D7827064640,2,7,0.0004161946532784589,115
Springfield,0101000020E610000076BD8887D7BE57C05B145D6B5E1E4640,0,0,0.00047602772515412334,116
Hanska,0101000020E6100000C516EC3CA59F57C0BADED24A0C134640,5,1,0.0004104079439536261,117
Greenwald,0101000020E610000052D51E78FFB657C0EF339A35FBCC4640,0,0,0.0010443787274247442,118
Saint Francis,0101000020E61000003D8A7F23055957C023DE94CD0DB34640,15,20,0.0018457584305295379,119
Saint Francis,0101000020E6100000C25745982B5457C05C6BE9B35EB54640,15,20,0.0018457584305295379,120
Elbow Lake,0101000020E6100000FE6F4F2D9CFE57C0FBD4BE42B3FE4640,0,0,0.0003237562342196044,121
Riverton,0101000020E61000005612A538218357C0624C18B6AC3A4740,0,0,0.000649977194869087,122
Robbinsdale,0101000020E6100000840B58E3525557C0EF4A695056834640,62,47,0.00597198106461106,123
Le Center,0101000020E61000002F33793ACA6E57C00DB7958E7B314640,5,2,0.0005732772390500521,124
Gilman,0101000020E6100000A8136A2FB47C57C089B0F90020DE4640,0,0,0.00031851495384345024,125
Barry,0101000020E610000031A6161ADB2358C04BEEAAB475C74640,0,0,0.0002245693375964321,126
Woodstock,0101000020E6100000BED99FEC300658C0D404332468014640,0,0,0.0002702738308455803,127
Stockton,0101000020E6100000DECB855641F156C0637C06B578034640,0,0,0.000707190371055195,128
Miesville,0101000020E61000009BDFC399743457C0FACF86ADAB4C4640,3,4,0.00046133833821149076,129
Brooklyn Center,0101000020E61000000C33ACDF3B5457C099DD42AAB7884640,49,44,0.0055138081010767965,130
Geneva,0101000020E6100000F823D2492B5157C0F8FA8B1251E94540,0,0,0.0005966495841957247,131
Annandale,0101000020E6100000ABA7C8D3BC8757C00215AD203EA14640,2,2,0.0004551373221572643,132
Okabena,0101000020E6100000137DCA6F66D457C0B5347F65A1DE4540,0,0,0.0003690470283359152,133
Battle Lake,0101000020E61000004809D62506EE57C0A001FD6369244740,0,0,0.00031463813147420143,134
Chanhassen,0101000020E6100000497AFC59026157C06017532E5E6E4640,52,72,0.00547425643160698,135
Chanhassen,0101000020E610000022B2D835016457C0B04085BA5F6D4640,52,72,0.00547425643160698,136
Lewisville,0101000020E6100000C43AB65ECB9B57C0D96A559048F64540,0,0,0.00039466032508777237,137
Shoreview,0101000020E610000065D07E60B04857C0B3722485C78A4640,48,43,0.005448871187083387,138
Orono,0101000020E610000095AA7E25D06557C0EEC0DB1C727B4640,45,50,0.004961838668289938,139
Saint Bonifacius,0101000020E61000005980A4A8D76F57C093F9DDB3E4734640,15,13,0.0018205370905892727,140
Kandiyohi,0101000020E6100000D8D55503B4BB57C090BB6D48D5904640,1,0,0.00041403637778976324,141
Franklin,0101000020E61000008258796995B857C0D5263D3EEB434640,0,0,0.0004436989791444633,142
Eden Valley,0101000020E6100000DD014364E1A257C0C55F7F754FAA4640,0,0,0.0009086230582879603,143
Eden Valley,0101000020E610000050DCB38CF4A257C0D68269D612A94640,0,0,0.0009086230582879603,144
Sherburn,0101000020E61000005717B3348EAE57C05CDDB64BD2D34540,0,0,0.00039604755829687847,145
Pequot Lakes,0101000020E6100000A73D527B189357C0118C07E1344B4740,0,0,0.0004575153600486965,146
Lakeville,0101000020E61000004933A50C1B5057C040513B379D564640,15,9,0.0014671126122252826,147
Plato,0101000020E6100000FCF46DBB888257C0BF6DCAD5DF624640,6,2,0.0007653557798412488,148
Byron,0101000020E6100000EE8C69A5052957C0FA1EA7ACE2044640,1,3,0.00046045835833343743,149
Mazeppa,0101000020E6100000DE24353A922257C00C617C8C07234640,1,3,0.00066361501680212,150
Kasson,0101000020E6100000638C25D2E52F57C076B63DD656044640,2,1,0.0008213181587596695,151
Savage,0101000020E6100000D05961613E5757C02E5E20B293604640,20,26,0.0017747167491537052,152
Royalton,0101000020E610000098625201B79257C0B5C2C13E8BEA4640,0,0,0.001012779309610567,153
Royalton,0101000020E6100000951E001EF19257C0EB9DEC95E5E84640,0,0,0.001012779309610567,154
Prior Lake,0101000020E6100000939476B4315C57C036A3223DE15C4640,14,12,0.0014372979867922743,155
Hawley,0101000020E6100000EF3F2D39571458C03FF77E7041704740,0,0,0.0001768940741823629,156
Saint Paul Park,0101000020E610000080E0251FAD3F57C0591F6F48026B4640,28,25,0.0024589880147407304,157
Saint Michael,0101000020E6100000931D486A4A6C57C06094C398C7994640,17,8,0.001909488646088175,158
Credit River,0101000020E6100000EDB0E853F65657C04372993242564640,7,14,0.0009576539719781119,159
Glencoe,0101000020E610000085EF0802A78957C067B45F048F624640,1,1,0.0005892603046457691,160
Bigelow,0101000020E6100000C3DD65ED22EC57C0789B3926A6C04540,0,0,0.00012553329685675981,161
Warroad,0101000020E610000039EF257F01D557C0AA8EEAF23C754840,0,0,4.210958427536291e-05,162
New Prague,0101000020E6100000FA91105A906457C09D28FABDD8444640,11,5,0.0012272882612880016,163
New Prague,0101000020E6100000D5843DFA086557C0F30631EA94464640,11,5,0.0012272882612880016,164
Wilton,0101000020E61000001174610AF2BF57C0DE1D2F33F8C04740,0,0,0.00017130910152682484,165
Janesville,0101000020E61000000A0FC5FB716D57C0072AEC7D6B0F4640,3,2,0.0006301399445572561,166
Pillager,0101000020E61000000AECEA5EB29E57C0942C7FA0312A4740,0,0,0.0003068380450521985,167
Harris,0101000020E6100000615E73F8283F57C03B22F84580CC4640,4,5,0.000339551995843622,168
Urbank,0101000020E6100000376FB30FABE057C08F9D351AE60F4740,0,0,0.00031808975957826695,169
Windom,0101000020E610000007C19B9BB4C757C0AD75EF8AD8EF4540,0,0,0.00044870498140312534,170
Adams,0101000020E61000001ACFDD6C052E57C00454D08A5DC84540,1,3,0.0003931040511462459,171
Alberta,0101000020E61000000173303E390358C00225AA0E96C94640,0,0,0.000346946993564869,172
Lake Benton,0101000020E61000003FC23BC6851258C019DF24D4CE214640,0,0,0.00012252368349003064,173
Maplewood,0101000020E61000004C1E5AA8934157C0E200935CF07D4640,35,41,0.004216162204377699,174
Winnebago,0101000020E6100000D7B8F08DE58A57C0AF716F2BDEE14540,1,0,0.00036018037451764084,175
Barnum,0101000020E61000001FE915920E2C57C0553EC040AD404740,0,0,0.00020188584059323823,176
Trimont,0101000020E6100000AD4FFB30D6AD57C088226FF169E14540,0,0,0.00045749124875008805,177
Saint Rosa,0101000020E6100000897131C7D5AD57C0BB742F6244DD4640,0,0,0.0005594901284149055,178
Babbitt,0101000020E61000003EE3735889FC56C05EFD5D587ED24740,0,0,4.294977790849646e-05,179
Lexington,0101000020E6100000BFA5C7C0F64A57C090BC15DCAE914640,71,66,0.007116014343249518,180
Forest Lake,0101000020E6100000B44F6D1B543D57C0DB7C65D973A04640,6,7,0.0011431736831062727,181
Dennison,0101000020E6100000081A88FCEA4157C06D6524FE54344640,9,11,0.0008488970496679389,182
Dennison,0101000020E6100000EE1CA3489D4257C0BB99F76F5B344640,9,11,0.0008488970496679389,183
Badger,0101000020E61000004DF9D6B85D0158C090AE729F6C634840,0,0,6.656627705585628e-05,184
Deer Creek,0101000020E6100000B0B9B17397D457C0C9DE889409324740,0,0,0.0002527595750776993,185
Chaska,0101000020E6100000D4B978FAFD6657C05D5131B079684640,18,27,0.002130470397906386,186
Hutchinson,0101000020E6100000645E103E239857C069B4F9295B714640,0,0,0.0004346677734860323,187
Blaine,0101000020E61000001C558A25664C57C0B2FAF95A8C8F4640,96,102,0.01093896539325856,188
Blaine,0101000020E61000005DD2D7C24C4D57C0E14E2A1DBD954640,96,102,0.01093896539325856,189
Buffalo Lake,0101000020E6100000BC1914B379A757C0455315144D5E4640,2,1,0.0004435098569746754,190
Montgomery,0101000020E61000003336ABC6176557C04ED5B4E1FE384640,3,5,0.0006165738902057065,191
Sauk Centre,0101000020E610000067CA95D2F8BC57C002DA56094DDE4640,0,0,0.00045437496610839056,192
Cook,0101000020E6100000A3450905142C57C0981AF845B3EB4740,0,0,4.9517977729809645e-05,193
Spring Lake Park,0101000020E6100000E9AF8A5FB84F57C00426772ADE8E4640,111,117,0.012298385138578713,194
Spring Lake Park,0101000020E6100000CF76EFFA714E57C06B1C602E7F8E4640,111,117,0.012298385138578713,195
Plummer,0101000020E610000006C75C47A80258C092CC87B223F54740,0,0,0.00015646723874267228,196
Corcoran,0101000020E6100000DEB5BD9D5A6557C066EB433EF18D4640,22,18,0.0021144263811026854,197
Saint Cloud,0101000020E6100000DAAF8471138C57C07033F8A0A7C34640,0,0,0.002262620198840994,198
Saint Cloud,0101000020E61000007DD6BD2F5E8757C088103DB7D6C84640,0,0,0.002262620198840994,199
Saint Cloud,0101000020E6100000D89294D2938657C0E1AFD8A4C4C54640,0,0,0.002262620198840994,200
Kasota,0101000020E6100000F9E82CF5FA7D57C05FDE02F64D254640,7,10,0.001270526437906296,201
Rockville,0101000020E6100000259459C89A9457C0107821DA8DBB4640,0,0,0.0005042583735835432,202
Jordan,0101000020E6100000A17D2FE5BE6857C08DFF8A2DFE544640,3,4,0.0007925474618357751,203
Brandon,0101000020E61000001F310A7A0BE657C00785B574B0FB4640,0,0,0.0004239184442859125,204
Buckman,0101000020E6100000399ECBFA038657C0127B598FDCF24640,0,0,0.00038449871740113957,205
Stewartville,0101000020E61000006DBC1520591F57C042F8CC0B29EE4540,0,0,0.0003627629727057916,206
Red Lake Falls,0101000020E610000026A1FD39721158C0B8F8099224F14740,0,0,0.00015050810981079855,207
Lastrup,0101000020E61000009DBABF670F8457C0DE711685F5044740,0,0,0.0003635464702153829,208
De Graff,0101000020E6100000264A70CBFCDD57C0EBC0EA3541A14640,0,0,0.0004089690976458374,209
Marshall,0101000020E610000013011B1E88F257C098598E607D394640,0,0,0.0004701162035630638,210
Akeley,0101000020E610000059EE5D8997AE57C0259AE47013804740,0,0,0.00013441185201159276,211
Hoffman,0101000020E6100000898DFFE671F257C0ABA5285F97EA4640,0,0,0.0003156311310022668,212
Brewster,0101000020E61000000B6D790DBCDD57C0CF7AA9343ED94540,0,0,0.00024770170842612805,213
Lake Crystal,0101000020E610000084DA55C5FF8D57C0B96FF407830D4640,3,5,0.0004461147012207242,214
Oslo,0101000020E6100000406F3225704858C056976A4400194840,0,0,0.000118780220758054,215
Utica,0101000020E61000008F672631C5FC56C08CE7FD4214FD4540,1,0,0.0004914336670096932,216
Gully,0101000020E61000005CDF11F4DCE757C0F982A6255CE24740,0,0,0.0003260035491603446,217
Morton,0101000020E6100000DC50E5B308BF57C0FEDA92E5D4464640,0,0,0.0006088545863990794,218
Clitherall,0101000020E61000004BF3C14062E857C090B4B5321E234740,0,0,0.0003990244308101295,219
Henriette,0101000020E6100000EA68D93DA84757C040DB724A86EF4640,1,0,0.0004910816141652632,220
Holt,0101000020E61000004906872B720C58C06DB9B1637F254840,0,0,0.00015433152048987915,221
Wabasso,0101000020E6100000C5BDB7BD58D057C0B0DCF3B585334640,0,0,0.0005373313156111457,222
Grove City,0101000020E6100000E06F6644A4AB57C0EB0D7F0317934640,0,0,0.00042936871736807625,223
Menahga,0101000020E6100000FB65F3007AC657C082C44717A25F4740,0,0,0.00014627010809821118,224
Freeborn,0101000020E61000006F5D6E7D1E6457C00A327ADC0EE24540,0,0,0.0005747549476069603,225
Dalton,0101000020E610000038CA8CDD97FA57C09195307342164740,0,0,0.0002748747552458072,226
Heron Lake,0101000020E6100000A8C6C7FF78D457C097289F1226E64540,0,0,0.00042337014440369685,227
International Falls,0101000020E6100000735903651C5A57C0BE4E7C353F4B4840,0,0,0.0002561322434833647,228
Dassel,0101000020E61000002CE001F7289457C0EEA93F109B8A4640,0,0,0.00046361295878502096,229
Clearwater,0101000020E6100000D9807BD5E18257C01CD4254B57B44640,2,0,0.0005532157433841184,230
Kilkenny,0101000020E610000091EE77F2BD6457C0AC7743964F284640,2,2,0.0005057132492781442,231
Fifty Lakes,0101000020E6100000DBE35EA5BF8557C0CC28C0C27B614740,0,0,0.0004219763421604783,232
Red Wing,0101000020E610000052DB2C01A22657C0B2ABD08B724A4640,2,0,0.0002975267836504886,233
Ada,0101000020E61000004A9F31F70D2158C012536C1241A64740,0,0,0.00020293686213448912,234
Murdock,0101000020E610000072C33D0D36D957C0C541EF67989C4640,0,0,0.0005008081181848204,235
Granite Falls,0101000020E61000002B6E7C9A50E357C0C3EAD0B5DD674640,0,0,0.0008328723863381029,236
Granite Falls,0101000020E61000004EE1DC6A83E157C06A640A87B2674640,0,0,0.0008328723863381029,237
Zumbro Falls,0101000020E6100000C389BC44491B57C08CBA020172244640,1,1,0.0005813242231154643,238
Rush City,0101000020E61000008AFD6EDAC93D57C02E6C3DB7FFD74640,1,0,0.0003554987483579664,239
Afton,0101000020E6100000A3E0438C513457C047F84D4BBC734640,20,27,0.001895687082666963,240
Baudette,0101000020E610000082243E24F0A557C033C5E76E085B4840,0,0,1.574147821959154e-05,241
Waldorf,0101000020E6100000159FA8C8A46C57C0DC4FFE6A71F74540,4,4,0.00044993159497401893,242
Peterson,0101000020E61000001ABC176754F556C07A0C0E4FB7E44540,0,0,0.0008483508671974084,243
Ormsby,0101000020E61000008082DEA29CAC57C0F88FCDBA70EC4540,0,0,0.0013914529421131733,244
Ormsby,0101000020E61000006C0397BDBFAC57C049F6F5E501ED4540,0,0,0.0013914529421131733,245
Brownsdale,0101000020E6100000F3570D9B973757C046742454C4DE4540,1,0,0.0005038936619789907,246
Courtland,0101000020E610000074C195162C9657C081EA3CE78F224640,2,1,0.0003694755759176785,247
Darwin,0101000020E6100000C9E3333E789A57C00E5C6EBE638C4640,0,0,0.0004297652942797057,248
Mizpah,0101000020E61000005B1EF91FA48D57C08E71E708DEF54740,0,0,0.00011644825897815719,249
Spicer,0101000020E6100000A7FABF2E31BC57C051E01365C89D4640,0,0,0.00046207962246900674,250
Northrop,0101000020E61000004BBE28FCE99B57C00290380835DE4540,1,3,0.0004895892042161018,251
Millerville,0101000020E6100000C4FD04569AE357C0F40424AFDA084740,0,0,0.00035494659140021594,252
Perley,0101000020E610000093CF11A14B3358C0A8B8445D8A964740,0,0,0.00020803781367222747,253
Hibbing,0101000020E61000000F429327B53C57C07368F036F0B24740,0,0,0.00017672252380056003,254
Wyoming,0101000020E6100000EB6C2348833E57C0A8DF2BA611AB4640,8,7,0.0011848894812265644,255
Minnesota Lake,0101000020E6100000ECCC593F457557C076C6E7E8B8EC4540,4,3,0.0008793769915520864,256
Minnesota Lake,0101000020E6100000A2C40FE7F97457C00840AE7F96EB4540,4,3,0.0008793769915520864,257
Spring Hill,0101000020E6100000F99BF8083BB557C04B0267FDFAC24640,0,0,0.0005319769664777547,258
Taunton,0101000020E6100000DEAFA1B0070458C0C0733E6D104C4640,0,0,0.00040822964953719174,259
Quamba,0101000020E6100000494DBB19384B57C0C8D2164A30F54640,2,1,0.00043317785551788286,260
Currie,0101000020E61000005FF9B97AACEA57C073627E6C02094640,0,0,0.0003321661078363598,261
Mahtomedi,0101000020E61000007FFF85B0D23D57C0193012B2EC874640,185,182,0.01942829762463438,262
Apple Valley,0101000020E6100000724D1174D84C57C078AF5BD5745F4640,17,23,0.0018458354267270674,263
Saint Paul,0101000020E6100000AE489E6EA74657C0133CC17C51794640,86,36,0.007621753658764423,264
Cottonwood,0101000020E6100000E2C5DFEC3CEB57C026F39954724E4640,0,0,0.0004309174091488888,265
North Branch,0101000020E61000004F8CE752633D57C0FFA2F3B677C14640,4,6,0.00037836115573696474,266
Nevis,0101000020E6100000E9527E4BE9B557C089A97239797B4740,0,0,0.0001221134145966218,267
Isanti,0101000020E6100000F8BBF4406B4F57C0EA222A4B08BF4640,3,12,0.0006028411319675528,268
Zimmerman,0101000020E6100000D282A5CE4A6657C033B1693679B84640,4,6,0.0005596169284695557,269
Saint Peter,0101000020E61000005C32ACF1D57D57C04FDA10E1382A4640,8,6,0.0011366087895619634,270
Victoria,0101000020E610000027FE3D23226A57C068517238636E4640,18,26,0.0023574696421711323,271
Montrose,0101000020E610000072BC8779E77A57C06545361690884640,10,10,0.001278253605101131,272
Mankato,0101000020E610000074E7B8C0737E57C04B36AE48D4154640,71,82,0.007848116949912545,273
Mankato,0101000020E61000002666C9C75C7B57C082F317A9CB1E4640,71,82,0.007848116949912545,274
Mankato,0101000020E61000009C081C070E8157C03D80D31E1B194640,71,82,0.007848116949912545,275
Stillwater,0101000020E610000089B3C8FB353557C0D304BC8B50874640,26,22,0.002464865918303629,276
Skyline,0101000020E6100000378E117B2D8257C002C90459FE114640,15,12,0.0014501823589497217,277
Hastings,0101000020E610000046E88AE1A83657C0AAC6C7FA975D4640,15,9,0.0016764115521143957,278
Hastings,0101000020E6100000586C3F7C9C3657C01573857062604640,15,9,0.0016764115521143957,279
Owatonna,0101000020E6100000EC6F95E5C64E57C004ADAB45AF0B4640,1,0,0.0004447877226059379,280
Marble,0101000020E61000000F3B6819D55257C061623DACF4A94740,0,0,0.0009512846198312183,281
Floodwood,0101000020E6100000595E058EB33A57C0A917523952754740,0,0,8.92721684928969e-05,282
Detroit Lakes,0101000020E61000006B36A79C35F657C01B0A620B50674740,0,0,0.00019577680276329574,283
Waverly,0101000020E6100000700F148FED7D57C038A7E0014B884640,9,9,0.0012313282845243154,284
Taylors Falls,0101000020E61000001A3817FB852A57C079CF40CBB9B44640,1,5,0.00030329126560331107,285
Sauk Rapids,0101000020E610000064E0B474D48957C043843A7080CC4640,0,0,0.0015600553039479643,286
Thief River Falls,0101000020E6100000841A6078630B58C00E733FC9350E4840,0,0,0.00017989068704518175,287
Swanville,0101000020E61000003C9E11FC4DA957C00B68950D5AF44640,0,0,0.0011134853965213205,288
Swanville,0101000020E6100000419FE810D7A857C002BAAEA256F54640,0,0,0.0011134853965213205,289
Bertha,0101000020E6100000706E0020F4C357C0D354595730224740,0,0,0.00032818179970674086,290
Grey Eagle,0101000020E61000005C90C8A9F1AF57C092DF063E82E94640,0,0,0.0005357802905525792,291
Rushford,0101000020E6100000995432173AF056C079A4780216E84540,0,0,0.0009958464693356577,292
Vining,0101000020E6100000EEA18AA03DE257C067B7C50A85214740,0,0,0.0003016899805366649,293
Ottertail,0101000020E610000007E1D01F15E457C085ACF73A9C364740,0,0,0.00025171815691865624,294
Lake City,0101000020E6100000F6E433DE801257C0995676127F3B4640,0,0,0.0004613120056108932,295
Lake City,0101000020E610000047E1FEE9C11157C06C6E39DD6C384640,0,0,0.0004613120056108932,296
Crystal,0101000020E61000006A47ECCA085757C01FC64C65D3844640,87,66,0.007378062598973388,297
Lake Wilson,0101000020E6100000DB51BF131DFD57C0910C7E946CFF4540,0,0,0.000394990546366268,298
Hill City,0101000020E61000002AC92952356657C07D32A000B37D4740,0,0,9.372743569935743e-05,299
Hallock,0101000020E610000025A8590E523C58C0D743A65BFB624840,0,0,0.0001535041024920871,300
Sedan,0101000020E6100000B1F113EFB0CF57C0415DBC2401CA4640,0,0,0.0003288656610136115,301
Olivia,0101000020E610000062140D4FD1BF57C0FF12013474634640,1,1,0.0004810790903819505,302
Bethel,0101000020E6100000D117AD23595157C0C5320EE27EB34640,10,10,0.0012412340234090383,303
Wrenshall,0101000020E61000001C17D214951857C0B60EF3A7924F4740,0,0,0.0003551737970841979,304
Nowthen,0101000020E61000002B38C83BC55C57C0346BB8E7C8AB4640,14,13,0.0009816439547567705,305
Lengby,0101000020E61000003DC383979CE857C06F4B22D1F6C14740,0,0,0.00015797768470392605,306
Osseo,0101000020E61000008FF9E1108E5957C0BFDED0B4168F4640,37,42,0.003586601526490376,307
Stewart,0101000020E610000048B3F514289F57C0A79700289C5C4640,0,0,0.0003672054852052039,308
Ham Lake,0101000020E6100000AA122C610C4D57C0064DAE6294A04640,16,14,0.0014596780633803672,309
Alpha,0101000020E610000054861290BFB757C085F1A7E59CD14540,0,0,0.0002778225067523123,310
Elba,0101000020E61000003AB1DC1E280157C0FE25C3910F0B4640,0,0,0.0005784775374145425,311
Avon,0101000020E6100000AAFCB54B819D57C005B5419416CE4640,2,5,0.0005857400920417261,312
Halma,0101000020E61000009E70D61E392658C052E547387A544840,0,0,0.00016759171725873358,313
Breckenridge,0101000020E610000036E85BFE6B2558C012B7B4E109224740,0,0,0.00018540547067526022,314
Fosston,0101000020E61000006DD26D6382F057C0DF702DF6F9CA4740,0,0,0.00021388770208728166,315
Lewiston,0101000020E61000001B8E12DFA5F756C0FFF544F7BDFD4540,0,0,0.0005092120750556483,316
Oronoco,0101000020E6100000402FD5FF8E2257C0E6A650BB6E144640,3,2,0.0007822803387767868,317
Jackson,0101000020E61000003503EE4F4EBF57C083AA742E18D04540,0,0,0.00022472512952373955,318
Lyle,0101000020E6100000D05D3E393D3C57C08B7EB887BFC04540,0,0,0.0002232728110364004,319
Lakefield,0101000020E6100000FDC235BFD8CA57C0EF0A9DBCC8D64540,0,0,0.00021522641110283686,320
Blue Earth,0101000020E61000006270EBBC6D8657C09EF8BAE508D24540,0,0,0.00031592562750842017,321
Wadena,0101000020E6100000A8FBBB5E39C857C006675DBDEE384740,0,0,0.000661625960904334,322
Wadena,0101000020E6100000946B89F835CA57C0FE91A18991384740,0,0,0.000661625960904334,323
Raymond,0101000020E6100000FF80072921CF57C042922FA359824640,1,3,0.0007481383037997521,324
Raymond,0101000020E6100000A13A3908EACF57C055A4DFAB39834640,1,3,0.0007481383037997521,325
Ghent,0101000020E61000009018005A1EF957C06628E3F77B414640,0,0,0.0004435710694525589,326
Cromwell,0101000020E6100000C01B592EE03757C0B6A585C5F9564740,0,0,0.00012386538012077063,327
Garfield,0101000020E610000073B54922A6DF57C0D35265612AF84640,0,0,0.00014340954417478455,328
Kiester,0101000020E6100000A723D258846D57C02651F475ABC44540,2,0,0.0003722842591335378,329
Saint Marys Point,0101000020E6100000C56DFBC34C3157C046BFCD8ED8744640,59,55,0.006312892546934866,330
Ellendale,0101000020E61000003B6A3C51285357C0150A294BB5EF4540,0,0,0.00047279631885944795,331
Twin Lakes,0101000020E610000098DF481B1B5B57C08ADFF06BCCC74540,2,1,0.0004079618379858015,332
Felton,0101000020E6100000338771075F2058C071AA32F596894740,0,0,0.00020019026438714157,333
Fairfax,0101000020E61000000FD67C5748AE57C006CEA7D7A0434640,1,0,0.00034478944475750743,334
Villard,0101000020E61000002487D75535D157C08408511E5ADB4640,0,0,0.0001904915920870962,335
Bejou,0101000020E61000004EFD2B1F41FE57C00947A2A3B1B84740,0,0,0.0001667865337403311,336
Bruno,0101000020E610000024E1C4EFC12A57C0764C8408F8234740,1,1,0.00026970534609393673,337
Clontarf,0101000020E6100000299D8DA852EB57C0206C1FAF3FB04640,0,0,0.00031125305093233766,338
Williams,0101000020E61000006175FEE902BD57C098C25C424C624840,0,0,8.650068972206259e-05,339
Wendell,0101000020E61000004B54D5C5730658C045E28A9C98044740,0,0,0.0002590781983504621,340
Lake Bronson,0101000020E6100000610F3267802A58C01289FE80B95D4840,0,0,0.0001819087664890904,341
Genola,0101000020E6100000411A03E4388757C03EF336049AFB4640,0,0,0.0021160292898786182,342
Iron Junction,0101000020E61000001C8D218EF52657C0B37983599DB54740,0,0,0.0003245802643913173,343
Nashwauk,0101000020E610000097C6EABCA84A57C0309A677DB1B04740,0,0,0.00022203117583930872,344
Lilydale,0101000020E61000006E62C230584857C0B7C907CA6E744640,38,42,0.0044803728506336675,345
Beltrami,0101000020E6100000BE825C09BB2158C0573C986B71C54740,0,0,0.00016439441860410976,346
Butterfield,0101000020E61000001CA18485CFB257C0E65071B2ACFA4540,3,0,0.0005141885434686894,347
Kennedy,0101000020E6100000383E3D1C493A58C0FAC85DAA6A524840,0,0,0.00020038816547798325,348
Moorhead,0101000020E6100000C8380523BD2F58C000984999086F4740,0,0,0.0007551693413411661,349
Becker,0101000020E6100000CE6CD37A157857C0D75751580CB14640,6,2,0.00042689842130524453,350
Crosslake,0101000020E6100000EEBBAD58008657C0B77EC0E35C564740,0,0,0.00035614684457158,351
Albany,0101000020E6100000CD5CB82C54A457C099AFCB7D69D04640,1,0,0.0006642811568128296,352
Saint Martin,0101000020E610000017B5D6BEBAAA57C084A860315BC04640,0,0,0.0005111417294637503,353
Vernon Center,0101000020E6100000AA55F39BA98A57C0BB677D3242FB4540,2,1,0.00047913948355651027,354
Silver Lake,0101000020E6100000906EE210B28C57C0D7B2D86FBC734640,1,4,0.0005016437912001574,355
New Richland,0101000020E6100000DC7A2D9D9C5F57C0D8DC560A6AF24540,2,0,0.00042415022166436653,356
Rockford,0101000020E6100000CC377110976E57C07CF983862D8B4640,35,43,0.003859309138849088,357
Rockford,0101000020E610000001968C5FD66F57C0F1F04AB6D68B4640,35,43,0.003859309138849088,358
Trosky,0101000020E61000007873D48C0F1058C0BE6F3BAEB6F14540,0,0,0.00035440009626135647,359
Florence,0101000020E61000002B29B9F7500358C0D0E2C8F45C1E4640,0,0,0.00038031201905533663,360
Longville,0101000020E61000006750B819958D57C05C5465B16A7E4740,0,0,0.00012487992692890963,361
Mendota,0101000020E6100000D0B15937424A57C025737A6490714640,58,62,0.0056159817957194,362
Odin,0101000020E61000003815F4A089AF57C037EB905C02EF4540,0,0,0.0009979976043304514,363
Centerville,0101000020E6100000A3317D65754357C049004AAEFE944640,30,27,0.003251445823399141,364
Bayport,0101000020E610000021FDE6B91B3257C000570B9722824640,26,29,0.0024834505545433248,365
Funkley,0101000020E61000007D1B1AB14C9B57C007BC2AA496E44740,0,0,9.174570737298177e-05,366
Tamarack,0101000020E6100000CB34DC53004857C0F7CECBFA93534740,0,0,0.00012166851144068618,367
Cleveland,0101000020E6100000518C6289747557C078EE4CA96B294640,4,4,0.0006930914444487556,368
Saint Vincent,0101000020E61000001EE3064E7B4E58C06EA087FF137C4840,0,0,6.674662847668949e-05,369
Federal Dam,0101000020E6100000F887CA2C058E57C09239C446CF9E4740,0,0,0.0001392367117329905,370
Goodridge,0101000020E6100000109F2A6672F357C0274E816B74124840,0,0,8.53728936539879e-05,371
Sunfish Lake,0101000020E61000003DEABD37084657C0CAD7BFEFA66F4640,34,35,0.003642611928699291,372
Clements,0101000020E610000020B2F42081C357C00B9CFA49A6304640,0,0,0.00045927963844332224,373
Boy River,0101000020E6100000E8DFE268E48757C0A1CF727A5E954740,0,0,0.000131198384978448,374
Sanborn,0101000020E6100000395578D04CC857C01D8D7A80D81A4640,0,0,0.0003753398778568443,375
Staples,0101000020E6100000B7F7AF457BB357C0E9693A5861304740,0,0,0.0005507935906685012,376
Staples,0101000020E61000000F1AE1CE23B357C0B31A7182F42D4740,0,0,0.0005507935906685012,377
New Hope,0101000020E610000003845818C25857C048618970CD844640,65,62,0.0061300838629936094,378
Minneiska,0101000020E61000002DF82A65AAF756C0F65E0B0F7E184640,0,0,0.0007710931594811382,379
Minneiska,0101000020E6100000B9CEAB482DF856C01E0BD46B82194640,0,0,0.0007710931594811382,380
Motley,0101000020E6100000ACF3C43B69A857C045D33C3BA02B4740,0,0,0.0005365234176747665,381
Motley,0101000020E61000005EA2A2F038A957C0D7A384E5BC2A4740,0,0,0.0005365234176747665,382
Trommald,0101000020E61000006A3320EAFE8057C0F5F82523BA404740,0,0,0.001135700532064248,383
Eyota,0101000020E61000000AF29E29DC0E57C00623FD0F81FE4540,1,4,0.0003725421291525564,384
Madison,0101000020E6100000DD777B151F0C58C0B1CAB051C3814640,0,0,0.00027942311538649544,385
Mendota Heights,0101000020E61000006634F44DFB4857C09C9ED962D6704640,65,59,0.006106867705502633,386
Minneapolis,0101000020E6100000340567FF225157C03D300334567B4640,99,29,0.008767143314705104,387
Glenville,0101000020E61000007DA82550ED5157C0E0BC44995FC94540,3,2,0.00040393926759624765,388
Saint Augusta,0101000020E61000005D9F1F54C58C57C08387CEA88FB94640,0,0,0.0005025699948573631,389
South Saint Paul,0101000020E6100000811F2C0BA04257C00E24AEB19F714640,33,44,0.0038642065221469965,390
Hermantown,0101000020E61000009816E9D8660F57C024A997B823674740,0,0,0.00022931878535804788,391
Oakdale,0101000020E61000009BC03449B33D57C097A7D88F6A7E4640,33,34,0.003764280987273879,392
New Munich,0101000020E6100000B42E3CEA28B057C0C322EB30BCD04640,0,0,0.0007607051957626612,393
Brooklyn Park,0101000020E6100000F475DB246C5657C0A864FDD33C8E4640,56,35,0.0051158657335633,394
Appleton,0101000020E6100000B40CA66C7B0158C030CB04838F994640,0,0,0.0003865642330225606,395
Dakota,0101000020E61000001EEB659F1AD756C0F7E76ADEBAF44540,0,0,0.00035396363247031364,396
Delano,0101000020E610000053A359CFBF7257C05A395C0BE5844640,17,8,0.0015891688035281437,397
Clarkfield,0101000020E61000004849A742B2F357C0A14103172D654640,0,0,0.00039676493302022453,398
Gaylord,0101000020E61000003E21D6D9A38D57C0FAB80EDC24474640,1,1,0.0004159573184044898,399
Eden Prairie,0101000020E6100000B963E668695D57C0302052D5A56C4640,41,32,0.003034677833918798,400
Glenwood,0101000020E61000005FF28B225DD757C092B8263F7BD34640,0,0,0.00023370901422071087,401
Big Lake,0101000020E61000003D1779FF976F57C06C3FD1F4BAAB4640,3,10,0.0006451762783403228,402
Brooten,0101000020E6100000ED8F49847DC857C0C0738CCBB9C04640,0,0,0.0006427649969877298,403
Brooten,0101000020E61000000165DCE569C757C0BA14444206C04640,0,0,0.0006427649969877298,404
Braham,0101000020E610000024A0A05AF74A57C0EC7123565EDC4640,2,11,0.0007371613081992398,405
Braham,0101000020E61000003B42510D324B57C0D7A7C979B9DD4640,2,11,0.0007371613081992398,406
Luverne,0101000020E6100000FA63195DB50D58C0FAD5ECD9A6D34540,0,0,0.0003075129793759465,407
Taconite,0101000020E610000073E01E670C5857C0513CEF616FAA4740,0,0,0.00047619012777541886,408
Cold Spring,0101000020E6100000E4659A4C759B57C05D57D3DEA1BA4640,0,0,0.0005700085139484893,409
Worthington,0101000020E6100000750B5F9C5BE657C0E393759560D04540,0,0,0.00023342059827008752,410
Rogers,0101000020E61000002C915FB7036557C011251683E0974640,19,19,0.0021080692191758786,411
Boyd,0101000020E6100000743F9C44ABF957C06F8B643CF66C4640,0,0,0.00034559619906824083,412
Belgrade,0101000020E6100000A108E97EFCBF57C027CB58B0AFB94640,0,0,0.00040108515120369114,413
Westport,0101000020E6100000F2086C05C1CA57C09131D88A76DB4640,0,0,0.00041369814003430397,414
Verndale,0101000020E610000097E3A847C7C057C0E3733929CC324740,0,0,0.00040266287813069167,415
Whalan,0101000020E6100000C0840B5221FB56C0802504E0F3DD4540,0,0,0.0007369924184310195,416
Dent,0101000020E610000050823E74FDED57C04705B7AFBC464740,0,0,0.00026560225138166075,417
Littlefork,0101000020E61000000078FF94B56357C0D6CBDB58BD324840,0,0,2.4233406614009552e-05,418
Sargeant,0101000020E6100000AE5AD4563E3357C055D1BD3D20E74540,4,0,0.00042421546005748584,419
Silver Bay,0101000020E610000064E5A2DDC2D156C0A9E6304E89A54740,0,0,0.00023125073071341334,420
Wanda,0101000020E610000010A73773A2CD57C02912833C4F284640,0,0,0.0005050642679712392,421
Ortonville,0101000020E61000005C936223441C58C0140677149EA64640,0,0,0.00023832491845263132,422
Tonka Bay,0101000020E61000008D8F1A05BC6557C0B1D0F2CA25754640,151,162,0.01635134962549461,423
Upsala,0101000020E6100000B7AB9BA24FA457C0CDF79E20AEE74640,0,0,0.0006224683487084235,424
Russell,0101000020E61000003880A6BFA2FC57C0360A9576F1284640,0,0,0.00032347450084295486,425
Montevideo,0101000020E6100000AFFC8F59C7ED57C05E9E9DA1A7794640,0,0,0.00038801745909408945,426
Revere,0101000020E61000005AEE135D1DD757C0D2CCAC0A5C1C4640,1,2,0.000520389425833299,427
Stephen,0101000020E6100000B102CE9C1B3858C0B6B7A986E5394840,0,0,0.00014701454097435114,428
Kinney,0101000020E610000004D41DF93F2E57C0238FC99C23C24740,0,0,0.0003736658512033987,429
Wolf Lake,0101000020E6100000C45D141E91D657C04FD8DF2440674740,0,0,9.11780556542796e-05,430
Correll,0101000020E61000001F59374A670A58C0FBBA8D55AE9D4640,0,0,0.00039550814373950905,431
Jeffers,0101000020E61000002037192180CC57C0A5EB42DB27074640,1,0,0.00031014677917913123,432
Erskine,0101000020E61000004D224D96E80058C06493C77228D54740,0,0,0.0002335107261294482,433
Ashby,0101000020E61000003F9DBA2D31F457C02B6E632AEB0B4740,0,0,0.0003004141478479511,434
Bigfork,0101000020E6100000006D24E1B86957C0D162423F9FDF4740,0,0,7.462300795409647e-05,435
Center City,0101000020E61000006DE492121A3457C04A60B5907AB24640,10,17,0.001451760010655648,436
Duluth,0101000020E61000007A48FA95EC0857C0AE5E66AC4A634740,0,0,0.00037126169940042327,437
Bovey,0101000020E61000005D172ED0D75957C05944C0E5E3A54740,0,0,0.0005562650390601037,438
Warren,0101000020E6100000BBBCFF3E413158C0B4F1E3FB17194840,0,0,0.0001294381984613719,439
Cannon Falls,0101000020E6100000B5417AD5CE3957C05F4FB4039D414640,5,1,0.000549466737438919,440
Morris,0101000020E6100000ADAC00CDE4F957C0344F206CF7CA4640,0,0,0.0003200404390653499,441
Strathcona,0101000020E6100000F8AF2007B30A58C04F885082E0464840,0,0,0.00010344947268906544,442
Deerwood,0101000020E610000086E361B9997957C02C1866117D3C4740,0,0,0.0006918079502475758,443
Falcon Heights,0101000020E6100000E2599749554B57C0733F0598B67E4640,47,74,0.005062052436895799,444
Erhard,0101000020E6100000DD5995DB2C0658C05CB1D40DE63D4740,0,0,0.00022208172111477017,445
Lauderdale,0101000020E6100000DFE861E3F84C57C0B097CE34427F4640,52,55,0.005398373724665691,446
Denham,0101000020E610000052A4349F413C57C0AD9C33084C2E4740,0,0,0.00030552749494642026,447
Wood Lake,0101000020E6100000ACA17B3B4BE257C09083AE475E534640,0,0,0.0004959896116051222,448
Emily,0101000020E6100000C5A2E469DB7D57C0CCF6191F4D614740,0,0,0.00021311270304126868,449
Kettle River,0101000020E6100000714F16582A3857C0F4547E813D3E4740,0,0,0.0002778494802817987,450
Ihlen,0101000020E610000021519559AF1758C0A80FC8919EF44540,0,0,0.0003538429680104614,451
Vesta,0101000020E610000058FFD15DA9DA57C0B545F446FE404640,0,0,0.0006146463688324634,452
Pemberton,0101000020E61000006E59382D287257C02C5AD5F311014640,1,3,0.0005382294098411689,453
Starbuck,0101000020E61000009EBD5F9415E257C04730E08452CE4640,0,0,0.00040766211947249807,454
Conger,0101000020E61000001E9540C1C36157C0090C9758C0CE4540,2,4,0.0005096404657571841,455
Leonard,0101000020E6100000B7061A2E32D157C01A59B1D3ABD34740,0,0,0.0001315061404714102,456
Paynesville,0101000020E6100000AB52C4DE2FAE57C0EF98E92170B04640,0,0,0.0005244495505064494,457
Kerrick,0101000020E6100000775144E8652557C00E2AA9EF552B4740,2,0,0.00021182206248047497,458
Walters,0101000020E610000020D923A6186B57C0B131FC1567CD4540,1,0,0.00041353357168163573,459
Climax,0101000020E6100000AD0A585D023458C0D12C8E33F0CD4740,0,0,0.0002060652655587863,460
Maynard,0101000020E61000003EBC4964FFDD57C06FA7868FED734640,0,0,0.00042090627160303056,461
Richmond,0101000020E6100000D013A6DEE3A057C031C30CAD39BA4640,0,0,0.0006274745393599725,462
Shelly,0101000020E610000057005FCF733458C061D6BE92A3BA4740,0,0,0.0002488359218413295,463
Dundas,0101000020E61000003A8C7B20124D57C0B8F312F8BF364640,5,10,0.0010171909735644568,464
Willow River,0101000020E61000002A872500643557C0F2E5973605294740,1,0,0.0005021956458893428,465
Breezy Point,0101000020E6100000035EBDB0F48D57C00F98F5A2D74D4740,0,0,0.0004288109181798388,466
Kimball,0101000020E6100000ABA36F4D409357C09E1CC95B3BA84640,0,0,0.00043574201155511204,467
New York Mills,0101000020E6100000516E55FDE5D757C025B8652183424740,0,0,0.00023178352912011006,468
Milan,0101000020E610000000A1E5A27DFA57C04DEF0A7E3F8E4640,0,0,0.00030927409896467793,469
Bird Island,0101000020E61000005F79B1C527B957C0772F9B530A624640,0,0,0.00039491709302042887,470
Vadnais Heights,0101000020E610000045E8CF26C84457C0FFF7FB6D4C874640,49,55,0.005113174235906925,471
Dunnell,0101000020E6100000FCA253839CB157C0C08E38AFBDC74540,0,0,0.00028369272046798187,472
Avoca,0101000020E6100000DDB44E274FE957C0FC8DA90984F94540,0,0,0.0003404517277604225,473
Grygla,0101000020E6100000F9C1C9FFCAE757C020B6AAC992264840,0,0,4.454583373228984e-05,474
New Auburn,0101000020E6100000D5B69889D98E57C021167CFA1E564640,4,3,0.0004458860663871726,475
Greenfield,0101000020E61000009D31168F0E6C57C0F299F8E0C28C4640,23,28,0.002401064993381161,476
Lakeland,0101000020E61000004E8E9BB3463157C062280F059E794640,118,127,0.015360293115360387,477
Redwood Falls,0101000020E6100000A75F18C54CC557C0E91063CEF0484640,0,0,0.0009666420281218786,478
Redwood Falls,0101000020E6100000D3D2FC0378C657C0892E2A7CCA454640,0,0,0.0009666420281218786,479
Eagan,0101000020E6100000F73BFA5B7D4A57C0396330D591684640,20,22,0.0025940628560228145,480
Crookston,0101000020E6100000505D55D0CF2658C0DA94D27F29E34740,0,0,0.00016386424142093948,481
Minnetonka Beach,0101000020E6100000F2371032B46557C0155529843E784640,58,54,0.00638842546546867,482
Dellwood,0101000020E610000063C039CBE53D57C045A6EC5C9E8C4640,32,34,0.0034211170214782753,483
Lakeland Shores,0101000020E6100000608B6634B93057C0D6C32E5F55794640,125,124,0.01582070123680705,484
Cottage Grove,0101000020E610000098F47577523B57C04F2BACE775684640,16,15,0.0016838021765335836,485
Minnetrista,0101000020E6100000CBC4FED8646D57C07BA1989CBC774640,23,26,0.002626313851983068,486
Hokah,0101000020E6100000D4BC2D2956D656C02507FB213CE14540,0,0,0.00041273770400499643,487
Marine on Saint Croix,0101000020E610000071357A5CEA3157C089BE3F0955994640,3,10,0.0006954074676049288,488
Brownsville,0101000020E6100000069A4EE710D256C08DF8200282D94540,0,0,0.00025446608028753564,489
Big Falls,0101000020E610000062FBA699CA7357C0CB514DA3FD164840,0,0,1.9820654880003704e-05,490
Edina,0101000020E61000007291D69E0D5757C0273E9D3919724640,25,25,0.0032539784491610445,491
Independence,0101000020E6100000DE7BDD5E4A6D57C00BB4C858CC824640,26,11,0.002219477538581484,492
Alexandria,0101000020E61000008801252DEAD757C042CC9FF7F1F04640,0,0,0.00023953331078783646,493
Wayzata,0101000020E610000039D07ABFDD6057C006E1804D417C4640,36,54,0.004815295838443144,494
Carlton,0101000020E610000008C444DC161A57C00DD976ADDE544740,0,0,0.0005228709611322158,495
Little Falls,0101000020E61000005AA0A447F69657C0FC27472E2EFE4640,0,0,0.0004228082190695739,496
Austin,0101000020E61000000811E752933E57C00EF7ECA807D64540,15,17,0.0020384540184233842,497
Farmington,0101000020E61000002A9DD9E0AA4A57C0EB882F7111544640,10,12,0.0011520859408421325,498
Oak Park Heights,0101000020E6100000E8A2D988D03357C0715C774327844640,28,32,0.0029041608642907156,499
Willmar,0101000020E6100000C908699FA6C357C0E83F5D33938F4640,0,0,0.00048315688157957377,500
Hamburg,0101000020E61000008FBAA78EB87D57C068FB9BACCD5D4640,4,9,0.0009400036623962088,501
Holland,0101000020E61000002C4A4D79720C58C080FDAD357B0B4640,0,0,0.00022570136735056742,502
Lynd,0101000020E6100000126832926BF857C0417EACDACA324640,0,0,0.0003949103360747495,503
Delavan,0101000020E6100000F63CC2E91C8157C05046955B43E24540,3,4,0.0004006257923452819,504
Wolverton,0101000020E6100000ED5270601D2F58C04E39D5BF11484740,0,0,0.00017429567513453246,505
Park Rapids,0101000020E6100000529E6ABBACC357C0852A41B452754740,0,0,0.00010635725487350152,506
Aldrich,0101000020E6100000B81A73E420BC57C0FDFF15D8F52F4740,0,0,0.00040249791071167993,507
Scanlon,0101000020E610000056DA70E7821B57C0606ABCB26F5A4740,0,0,0.0005253657081003288,508
Porter,0101000020E610000052B7F98CBE0A58C05B33617546524640,0,0,0.0002925317387115257,509
Tintah,0101000020E610000055DA4B497C1458C0D0C1654262014740,0,0,0.0007274927468040597,510
Randolph,0101000020E61000000ED38122454157C0BBA3F8FE54434640,7,6,0.000720091431721248,511
Cass Lake,0101000020E61000008C765BCC5BA657C0FEDB7A6B8CB04740,0,0,8.322366824606692e-05,512
Palisade,0101000020E6100000282DAAE7505F57C00D2C9D5B2E5B4740,0,0,9.914171711359411e-05,513
Mapleview,0101000020E6100000D1C47064573E57C077AD128950D84540,16,20,0.0017148778950995098,514
Lancaster,0101000020E610000033723BA9523358C08D80BD14CB6D4840,0,0,0.0001145663638693542,515
Balaton,0101000020E6100000410D0470BAF757C04034D1A1D41D4640,0,0,0.0003283358977894134,516
Holloway,0101000020E6100000A52F714024FA57C089D153353E9F4640,0,0,0.00032242036567910177,517
Pipestone,0101000020E6100000CF0159FBF51358C0931E29E07AFF4540,0,0,0.00022449315297345767,518
Jasper,0101000020E61000003EA04BBD6D1958C0DE9F27E328ED4540,0,0,0.0004903297294583466,519
Jasper,0101000020E610000089008941C11958C00A79FC5A3AEC4540,0,0,0.0004903297294583466,520
Biscay,0101000020E6100000B6C5936F889157C0137FC255C5694640,2,0,0.00047960677980138334,521
Lamberton,0101000020E6100000864F9E221DD157C098552252851D4640,1,0,0.0004832923871563548,522
Elysian,0101000020E6100000CF73571C4A6B57C0939B494F791A4640,3,9,0.0011449597759943578,523
Elysian,0101000020E6100000D1E0807C586B57C099879F8BF5184640,3,9,0.0011449597759943578,524
Elgin,0101000020E6100000BE2C432DD80F57C0A4B6F29218104640,0,0,0.00042206475931914265,525
Rose Creek,0101000020E6100000B62174940E3557C0DCAA21CC5FCD4540,5,6,0.0003865806776754588,526
New Germany,0101000020E61000008C2EA212447E57C0AA6364976B714640,6,8,0.0009804557738073674,527
Hewitt,0101000020E6100000777129B6C8C557C0429AB23B98294740,0,0,0.0003499764138926137,528
Spring Park,0101000020E6100000DF899CBE7E6857C0A2E838AECF774640,42,44,0.005356920219772164,529
Elk River,0101000020E61000009FADCDD9486457C01F033A7B69AA4640,14,12,0.0011382800440044086,530
Birchwood Village,0101000020E6100000BE575DAE913E57C0AC1F2B2BA5874640,221,224,0.027499086264120887,531
Hancock,0101000020E61000008F569CB1E0F257C062824DCCB6BF4640,0,0,0.0002774774151365265,532
Alden,0101000020E61000007033E210B36457C0AF10F393B2D54540,1,0,0.0005209705355485446,533
Hardwick,0101000020E6100000E95392E3A20C58C029123C2118E34540,0,0,0.00028788791122300695,534
Hatfield,0101000020E610000048E03733590C58C08739B28B1CFA4540,0,0,0.00031655080033900055,535
Dumont,0101000020E6100000B190F00D141B58C075109201D3DB4640,0,0,0.00023979937646045074,536
Effie,0101000020E61000000B6D124BD46857C05D2D46DAAEEB4740,0,0,6.188747807495403e-05,537
Virginia,0101000020E6100000B63F3CF4D02057C024B7284329C24740,0,0,0.00048580604115996875,538
Tenstrike,0101000020E6100000C304CCD6CBAB57C023447ABF85D44740,0,0,0.00013126904023239214,539
Newport,0101000020E6100000DA35E469D73F57C0795D16C8EA6F4640,29,30,0.0029929152094262347,540
Freeport,0101000020E61000006E85F3EB14AC57C012804E63D0D44640,1,0,0.0007508093203407085,541
Atwater,0101000020E61000000B88B937B5B157C03F34D2B35F914640,0,0,0.00041727787653897733,542
Gonvick,0101000020E6100000BD8C8677CDE057C0489E39C0A1DE4740,0,0,0.0002457732073067129,543
Shevlin,0101000020E61000000FA597209CD057C046EBF50ADCC34740,0,0,0.00017720746595927203,544
Kenneth,0101000020E6100000A4D70C78A40458C05DFDD65B8DE04540,0,0,0.0003177230449998652,545
Kinbrae,0101000020E6100000305D8A17DEDE57C0B350AB84CCE94540,0,0,0.000998505923841534,546
La Salle,0101000020E610000074F0B31F90A457C04E0425AB17094640,1,1,0.00042974876372730615,547
New London,0101000020E61000001CA74DFFB3BC57C02AB3F6AF14A64640,0,0,0.00040906397936340356,548
Fridley,0101000020E6100000C43638FC955057C04B1DC59DBC8A4640,83,47,0.006461810900680619,549
Dayton,0101000020E61000008D423F6D715E57C06E915F2864984640,29,36,0.0037120314811572917,550
Dayton,0101000020E6100000FA0A35DF206157C0CBAC6EA4C19E4640,29,36,0.0037120314811572917,551
Fisher,0101000020E61000008A50B7972A3358C0E2D9038E4BE64740,0,0,0.00011347719296004098,552
Ogema,0101000020E610000021106CDB31FB57C03B0713452D8D4740,0,0,0.00015660058344791486,553
Hector,0101000020E6100000A1B7EB4292AD57C0B65E1BADE15E4640,0,0,0.0003927490539784496,554
Mounds View,0101000020E61000002F54280A4C4D57C0652A31CAB68D4640,92,90,0.009969882776883765,555
Remer,0101000020E6100000BC7AFA7A677A57C009C920DE47874740,0,0,0.0001055788625707088,556
Wanamingo,0101000020E61000000C79BAB8623257C0F8F39E68BF264640,2,0,0.00043033518115062397,557
Otsego,0101000020E6100000661663EBAC6757C0DC6B31F30BA24640,9,17,0.0017005973844878783,558
Le Roy,0101000020E61000001873B68B842057C0A8D8C6CCB6C14540,1,0,0.0002439233786301932,559
Lowry,0101000020E6100000E64F4F8639E157C0A458D2283CDA4640,0,0,0.00017907133637578174,560
Mentor,0101000020E6100000327D3F8D380958C039F18D5F36D94740,0,0,0.00016942352510077727,561
Good Thunder,0101000020E61000004AA345EA7F8457C02EB123EDDD004640,0,0,0.0005241894177333399,562
Nisswa,0101000020E6100000E17ABB4DF99257C00F14DE8134404740,0,0,0.0004984573887005384,563
North Oaks,0101000020E610000083F6D1C2A34557C048B421B7D28C4640,35,30,0.003652763818543718,564
Oak Grove,0101000020E610000050D01FA2E45457C07ACBC3F3A3AB4640,5,14,0.0011711118715681276,565
Ramsey,0101000020E61000007CF978CEC15C57C09F6FC3A282A14640,17,16,0.0017719581342494916,566
Chisholm,0101000020E61000009F0ACEA73D3857C02AD170996CBE4740,0,0,0.00019332517084289405,567
Green Isle,0101000020E6100000C6115DD7548057C0ACFBD4DB15574640,4,6,0.0003845943129119193,568
Keewatin,0101000020E6100000D30BDCDA4B4557C026B11FEF45B34740,0,0,0.00020214092603092372,569
Ruthton,0101000020E6100000D732A8949F0658C03733405EBB164640,0,0,0.0003053760173025929,570
Carlos,0101000020E61000007FB71A0FB6D257C0E5DABFC19BFC4640,0,0,0.00019922898748834077,571
Heidelberg,0101000020E6100000F85ECCD3176857C017053DBA1E3F4640,4,4,0.0006654712093079048,572
Rollingstone,0101000020E6100000367EABE466F456C036313FE5B90C4640,0,0,0.0008580840686089637,573
Benson,0101000020E6100000E49AC6D3C4E657C0C1479DAC59A84640,0,0,0.00040301623455300697,574
Kerkhoven,0101000020E6100000EE65D4737CD457C0B6E4833EA1984640,0,0,0.00046777659131331183,575
Empire,0101000020E61000003A3F32D6AB4557C040C535309E564640,6,13,0.0011351419920611243,576
Northome,0101000020E610000066ECCA1C1F9157C0AAF0477BF8EF4740,0,0,0.00014246723068626188,577
Bena,0101000020E6100000141D19472F8D57C034C2149795AB4740,0,0,0.00011156122066760617,578
Medicine Lake,0101000020E6100000AEAF46F3DE5A57C02CB626C8BC7F4640,36,36,0.003597203977258667,579
Forada,0101000020E61000004E4C0120D4D657C00F98BD03EBE44640,0,0,0.0001565059693760692,580
Welcome,0101000020E61000004C595BD0DEA657C08BDB3CF347D54540,1,0,0.00037355863028318417,581
Lake Elmo,0101000020E6100000AF1604F0CB3957C0A1C89464447F4640,23,27,0.002457064972535396,582
Clear Lake,0101000020E61000005D1B8E98E97F57C0F50F6ABE22B94640,2,3,0.0005070327145229301,583
Elko New Market,0101000020E610000012058E38685557C0D624241D95484640,1,0,0.0005454456285091209,584
Dilworth,0101000020E6100000B92D9FC8B22C58C08D2723C092704740,0,0,0.0006450598087784492,585
Cuyuna,0101000020E6100000A650F3BA3D7B57C0BE34E9CE7E414740,0,0,0.0009272726456403912,586
Monticello,0101000020E6100000719C4E5F2B7357C0CEB940D52CA64640,7,7,0.0006837613973608553,587
Blackduck,0101000020E6100000CB10CE9BC2A357C044AA03D1AADD4740,0,0,0.00010218982446020717,588
Finlayson,0101000020E61000008E89B9B9593B57C0C39E4CF2491A4740,0,0,0.0003640165444933305,589
North Mankato,0101000020E610000032A565197B8257C0034EA1C23F174640,77,74,0.00706089491384161,590
North Mankato,0101000020E61000002DBFCFFD298157C0ACAC7F317D174640,77,74,0.00706089491384161,591
Wahkon,0101000020E61000008DF7AFDB6D6157C0DE1A89616F0F4740,0,0,0.00032125778773702506,592
Sandstone,0101000020E610000054BC345C523757C00E1495748A104740,1,1,0.00031434421676823074,593
Hillman,0101000020E610000066552543E07857C07845553CCF004740,0,0,0.00020772654669602844,594
Donnelly,0101000020E610000011101E6BEC0058C0C360646944D84640,0,0,0.0002899443938674476,595
Watkins,0101000020E6100000ECC504DE609A57C0DE692C7C5AA84640,0,0,0.0004404057494605908,596
Wilmont,0101000020E6100000000687BCEBF457C0A6C9F97AF5E14540,0,0,0.00022221206894695031,597
Truman,0101000020E6100000F7A9A05BF19B57C09A97ABDAF6E94540,0,0,0.0004269211393565193,598
Le Sueur,0101000020E61000003C94CB14907A57C088E3CE2E273D4640,2,8,0.0007803863520911245,599
Le Sueur,0101000020E6100000F53AFDEEB37957C0A58BCA41083C4640,2,8,0.0007803863520911245,600
Regal,0101000020E61000008C8C3A5ABCB557C0D6F774BDE3B34640,0,0,0.0004592720155118127,601
Beardsley,0101000020E6100000EF4740E2B12D58C0613F06A561C74640,0,0,0.00017523144599131875,602
South Haven,0101000020E61000006FA67C83E98D57C079A1A57B78A54640,2,0,0.00042949380478829924,603
Pierz,0101000020E6100000FA61061F818657C0EECB68712CFD4640,0,0,0.0022348665993117993,604
Racine,0101000020E6100000045BDE3FC81E57C007D54F2945E34540,0,0,0.0003610055874155149,605
Leonidas,0101000020E6100000C24366F2582457C0644D3E61E9BB4740,0,0,0.001354187113697849,606
Ellsworth,0101000020E610000031C930CA290158C0126B30209FC24540,0,0,0.0001904761772322905,607
Dovray,0101000020E6100000B99609F40CE357C08DF3B80CFB064640,0,0,0.00033634690377267606,608
Willernie,0101000020E61000005E0559003F3D57C0076B0251E8864640,137,128,0.013853824509423374,609
Iona,0101000020E6100000B8C1302D1FF257C06CA8E45A32F54540,0,0,0.00031183317064771506,610
Bellechester,0101000020E6100000D2404911B92057C0A59A1114062F4640,0,0,0.0007528545486921838,611
Bellechester,0101000020E6100000DD38669AB92057C09051C9899B2F4640,0,0,0.0007528545486921838,612
Bock,0101000020E610000023DBE813616357C0722FED9469E44640,2,4,0.00035737217982588455,613
Audubon,0101000020E61000009996CFA9F7FE57C03F91FD04AA6E4740,0,0,0.00019242658193830713,614
Roscoe,0101000020E6100000E81D439FBDA857C0E0B9505F58B74640,0,0,0.0005327002240474811,615
Underwood,0101000020E61000006A1D9F45D3F757C0BBA7B149BC244740,0,0,0.00027010041075188395,616
Houston,0101000020E61000007E7081AE84E456C06C269C9610E14540,0,0,0.00030363778024891555,617
Spring Valley,0101000020E610000031F2418CF01857C06952C5E32AD84540,0,0,0.00037401112860522895,618
Saint Clair,0101000020E610000009315B9E117757C0E392593BBA0A4640,6,6,0.0006816006425742171,619
Hendricks,0101000020E61000000B8E674E691B58C03BD0CA5BF7404640,0,0,8.331150863107769e-05,620
Jenkins,0101000020E6100000BD2A90BA1C9557C0462859CC8E534740,0,0,0.00037810963658124026,621
Eagle Lake,0101000020E61000004E33D5CE767857C01FD84382E8144640,6,7,0.0009686939722383311,622
Bricelyn,0101000020E6100000937400190B7457C038A2D666C5C74540,1,0,0.0003946422353982901,623
Elizabeth,0101000020E6100000304C48F95F0858C0439940829D304740,0,0,0.00022432074572258903,624
Hazel Run,0101000020E6100000FC1D16A1DBED57C0E9CC1DB4CC5F4640,0,0,0.0004147724793686956,625
Mayer,0101000020E6100000EFE3F638F97857C0FBAE953F83714640,9,11,0.0010362014870732405,626
Osakis,0101000020E6100000136C0A5D75C857C034887223F3EE4640,0,0,0.0003816962383337288,627
Osakis,0101000020E61000007CCC9A5C06CA57C0DCBE9F79A5EE4640,0,0,0.0003816962383337288,628
Fertile,0101000020E610000049DFA895851258C012D1855559C44740,0,0,0.0001814774810584301,629
Clinton,0101000020E6100000884FE598421C58C0F9C1AA9A4EBB4640,0,0,0.0002054661456042903,630
Lake Park,0101000020E6100000915E0381450658C056C88D0421714740,0,0,0.0001816353704935445,631
Strandquist,0101000020E61000007343FECEAA1C58C03C014142A63E4840,0,0,0.00015048753869186608,632
Sunburg,0101000020E61000003457F37B5CCF57C04AB68AFC7DAC4640,0,0,0.0002825843479136723,633
Newfolden,0101000020E61000004FADC7471A1558C023E0DF6BA92D4840,0,0,0.00017307931314956455,634
Nicollet,0101000020E6100000C4E4944F088C57C0570B907428234640,4,3,0.0004771028454331017,635
Chokio,0101000020E61000003F345ABF250B58C06C6FE6B75DC94640,0,0,0.00031657166968242,636
Alvarado,0101000020E61000008A2936F3E43F58C0A18D4462B1184840,0,0,0.0001535517112774303,637
Shorewood,0101000020E61000007A58CC86176557C01571C9C6E7744640,203,203,0.020880822470695986,638
Shorewood,0101000020E610000001B8B430896757C0F2025B8B03724640,203,203,0.020880822470695986,639
Cedar Mills,0101000020E6100000ABF0EE8E43A157C0E556EE17B4784640,0,0,0.00031865929390803983,640
Ranier,0101000020E61000001317D8C29D5657C012A3199EA04D4840,0,0,0.0002450941128100902,641
Glyndon,0101000020E6100000E103DB5E052558C02B4E8AE1776F4740,0,0,0.00027312737301731703,642
Renville,0101000020E6100000FB31E1CB1BCD57C083EEA63737654640,0,0,0.00044961397887597357,643
Comfrey,0101000020E61000007170BC3DD4B957C0D39C1784B90D4640,0,0,0.0007552657167218871,644
Comfrey,0101000020E6100000D8E1A6DDC7B957C09C7D0FAC3E0E4640,0,0,0.0007552657167218871,645
Spring Grove,0101000020E610000046E2EFD9CBE856C07458ABA9C3C74540,0,0,0.00018555705324125468,646
Long Beach,0101000020E610000091E7D18781DB57C05E3D25F74FD34640,0,0,0.0006366766139275345,647
Hayfield,0101000020E6100000EE330A48373657C01F1415B0F4F14540,0,0,0.0003946816839069792,648
Hilltop,0101000020E610000055EC64EFFF4F57C08EF42C71DC864640,142,167,0.023203979744017136,649
Plymouth,0101000020E61000008599DB0E895D57C018B4A9DDDC824640,33,46,0.004560968652756453,650
Saint Anthony,0101000020E610000069498AC1054E57C086F4E3A051854640,104,113,0.012255814304987612,651
Saint Anthony,0101000020E61000005E3BF7923DA757C0613707B92FD84640,104,113,0.012255814304987612,652
Saint Anthony,0101000020E6100000DA3472B5DE4D57C00021B35EDB824640,104,113,0.012255814304987612,653
Saint Hilaire,0101000020E6100000AD21494BAF0D58C0D886295CBD014840,0,0,0.00018099119992304703,654
Zemple,0101000020E6100000B507726F517257C084601C0B12A94740,0,0,0.0009792217718295883,655
Rock Creek,0101000020E6100000CB872363273A57C076635EE957E14640,2,2,0.00029246524254858316,656
Dawson,0101000020E6100000595DB025390358C03016F9E3E6764640,0,0,0.0002835034445820209,657
Hartland,0101000020E610000084C5F4FEFE5E57C0ADDD666CF2E64540,1,2,0.0005411568554469504,658
Moose Lake,0101000020E6100000EB9D9F22FB3057C0BDB06D24DB384740,0,0,0.00040203408195966833,659
Maple Plain,0101000020E610000000966E175A6A57C088C3294D21814640,22,19,0.002794322060657756,660
Clarissa,0101000020E6100000CB3D96D2BDBC57C08B94767A71104740,0,0,0.0003509761362413538,661
New Brighton,0101000020E6100000FBDC293E2F4D57C0A58737B26E884640,60,65,0.007222033652641476,662
Golden Valley,0101000020E6100000F686FCCFFA5657C054567D88B97E4640,33,46,0.004203647671397818,663
Wright,0101000020E6100000CF80891A704057C01FB5F79C14564740,0,0,0.00015361523139086208,664
Eveleth,0101000020E61000006D6344C6D52257C093258E835BBB4740,0,0,0.0013258770852417278,665
Comstock,0101000020E61000004414B7F1C02F58C01D9E2C016C544740,0,0,0.00018201245518307686,666
Cloquet,0101000020E61000004EC1E0A4811F57C03AD910946D5C4740,0,0,0.00032504351916305837,667
Mound,0101000020E61000000D13B00F4B6A57C0DACA06D17F774640,44,47,0.004779835456819194,668
Nassau,0101000020E610000040ABE94D461C58C09D854915AB884640,0,0,0.0002794069102435005,669
Oklee,0101000020E61000007D9EA4E25DF657C03F05205D59EB4740,0,0,0.00017665966042990468,670
Morgan,0101000020E610000009D888A032BB57C03C6487413D354640,1,0,0.0005040083303700474,671
Danvers,0101000020E610000073F88E2D61F057C07C2C0C1807A44640,0,0,0.00032795963384673547,672
Johnson,0101000020E6100000D5FB4352B91258C00FD0FDDDDFC84640,0,0,0.000259269971231706,673
Meadowlands,0101000020E61000009055DA38CC2E57C029ED9A975A894740,0,0,8.058629395431463e-05,674
Minnesota City,0101000020E6100000FA526C58FCEF56C0EC0EFDA3D00B4640,0,0,0.0012191058861417278,675
Grand Rapids,0101000020E6100000B5398126116257C0396C1FD57E9E4740,0,0,0.0007296590954272326,676
Richfield,0101000020E61000001D9C10531D5257C06B2D57CF2C704640,34,22,0.0027686547320919567,677
Grant,0101000020E6100000D6665EF02C3A57C048BA9CC18E8A4640,26,36,0.00256579688736208,678
Blomkest,0101000020E61000009741904388C157C0E55ADC24AF784640,1,0,0.00035156678065561387,679
Fort Ripley,0101000020E6100000BD6695FD3B9757C0249D0780A1154740,0,0,0.0002453612458417727,680
Shakopee,0101000020E6100000A4A14C79B75E57C0890ED12317634640,24,18,0.0018780140955671955,681
Rochester,0101000020E6100000B273F9A1911E57C0559DA1F4DC014640,0,0,0.0006206034606056917,682
Pine City,0101000020E610000044A6D79AE23D57C004091DB99CEB4640,2,2,0.0003278847179679087,683
Manhattan Beach,0101000020E610000017ECC5CCEF8857C05AC181FA565E4740,0,0,0.0004442499476624255,684
Minnetonka,0101000020E6100000E5A9FDF48E5D57C0652A930174774640,48,23,0.004469938222835237,685
Sleepy Eye,0101000020E610000064DAFC364BAE57C091F4F4A444264640,1,2,0.00045371897824543196,686
Hills,0101000020E61000007A1702B5FF1658C0E7CD7BBA8BC34540,0,0,0.000218972657875328,687
Mountain Lake,0101000020E6100000596E35FB5EBB57C0800E6D5984F84540,1,1,0.00042731624267896716,688
Winona,0101000020E610000084A9E4A0C5EA56C0BA1258E778064640,0,0,0.000849916894303709,689
Lindstrom,0101000020E6100000733E4940413657C06378F0D18CB14640,17,13,0.001485459020945163,690
Chisago City,0101000020E61000007ADFA4F4583A57C05E43945C77AC4640,12,5,0.001057545036491362,691
Danube,0101000020E61000002A558F5A8EC657C0DAF4C82D5B654640,0,0,0.0004767937230641064,692
Goodview,0101000020E610000081D69D2EE2ED56C040834EB2E1084640,0,0,0.0013505416915879558,693
Biwabik,0101000020E6100000B20292D9AF1457C0ECB735FE10C74740,0,0,0.0002391904302798201,694
Wells,0101000020E610000099C0B3D1F66E57C06DA4A3982CDF4540,3,2,0.0004495362060222216,695
Rothsay,0101000020E610000068344DD3A31258C039BC24955E3C4740,0,0,0.0003008343053330789,696
Rothsay,0101000020E6100000E7CC29F3C91158C0002E7BD6BD3C4740,0,0,0.0003008343053330789,697
Saint Charles,0101000020E6100000B42BE67DC70357C0D53592CA0CFC4540,0,0,0.0005508182550920395,698
Winthrop,0101000020E610000006249BCE0F9757C0EEC6C3496E454640,1,0,0.0003891218432811845,699
Hampton,0101000020E61000004541A129274057C012168F76E64D4640,7,12,0.0009573074393652159,700
Coates,0101000020E6100000A6EFDDE20C4257C0BD1910F8885B4640,21,17,0.0014135947763239413,701
Clearbrook,0101000020E6100000FD72CA8278DB57C0CBFD972620D94740,0,0,0.00023017732610137895,702
Brookston,0101000020E6100000CFB31651932657C05DB6E962C56E4740,0,0,0.00011103749542500172,703
Aurora,0101000020E6100000BE6D6B65580F57C0D24993BCFFC34740,0,0,0.00020115797085379169,704
Elmdale,0101000020E6100000DB3DEFBAA19F57C03094E2E4C0EA4640,0,0,0.0006674290759761918,705
Elmore,0101000020E61000003DCA4BF1A58557C00B27CA3ECFC04540,2,3,0.0001858143432112295,706
Gary,0101000020E6100000D54F7E3BFF1058C0BEADB0C2ACAF4740,0,0,0.0001632612568978682,707
Marietta,0101000020E61000001B070945D21A58C0EC5EBE3654814640,0,0,0.0002666102039787409,708
Vergas,0101000020E6100000B9B79B2E60F357C0AEFE6EB6CE534740,0,0,0.0001958533943495666,709
Viking,0101000020E61000004A03BBAA081A58C01973A119ED1B4840,0,0,0.00013684824568464373,710
Bagley,0101000020E6100000099BBB9FCDD957C08B111BE220C34740,0,0,0.00015985480842698553,711
Sacred Heart,0101000020E6100000042E30B972D657C03D3D4C8110644640,0,0,0.00038968757880616234,712
Columbus,0101000020E6100000DC1EC92B2F4557C0FECCACA25CA24640,10,5,0.001149007756360161,713
Two Harbors,0101000020E610000017607EE633EB56C068E5C075D9834740,0,0,3.0004203563648593e-05,714
Middle River,0101000020E6100000DAC25A4A590A58C0220D2FB0A7374840,0,0,0.00014777857419406428,715
Kenyon,0101000020E610000096A6DA83173F57C000477CBEE5224640,0,0,0.0003513215770855463,716
Saint Stephen,0101000020E6100000472C0C388C9157C06B5C56B4BBD94640,0,0,0.0006015405939811594,717
Belview,0101000020E6100000875D6CD116D557C065B379DFB24D4640,0,0,0.0005269825002108164,718
New Ulm,0101000020E610000093A00A73FA9D57C0070C24F9FB274640,0,0,0.00040631726492041965,719
Mabel,0101000020E6100000B30738B427F156C0C35CD90F8AC24540,0,0,0.00020206271175566128,720
Deephaven,0101000020E61000008BA4A6B0866157C0C8BA9474F6764640,49,57,0.005798096282669422,721
Delhi,0101000020E6100000FB3287AEA7CD57C095FBFB3A8B4C4640,0,0,0.0004888898766061738,722
Pease,0101000020E6100000FD4824758A6957C042D05BA18BD94640,2,0,0.0005248678421561216,723
Tracy,0101000020E610000025A88D4462E757C0FA3DB2C6961E4640,0,0,0.0003763085861969242,724
Backus,0101000020E6100000B8ECB9D8EDA057C055156F520D694740,0,0,0.0001737730582093609,725
Sturgeon Lake,0101000020E61000004293375ABE3457C090EC732A69314740,1,1,0.00047249169841090047,726
Brownton,0101000020E6100000FEC9DF5C769657C0405BD234C25D4640,0,0,0.0004469711561584969,727
Nelson,0101000020E610000073D7E635F5D057C0415029D079F14640,0,0,0.00018212084191099632,728
Brainerd,0101000020E6100000773F91C6AE8C57C0C517091A792D4740,0,0,0.0004082471966474838,729
Deer River,0101000020E610000096313F20C07257C02637EC7C6CAB4740,0,0,0.001020987599599117,730
Adrian,0101000020E6100000B45C7B05B7FB57C0522170180DD14540,0,0,0.0003157292503567821,731
Canby,0101000020E6100000F82D3646391158C0F2C8D75E995B4640,0,0,0.00020823756749489193,732
Hinckley,0101000020E6100000FA4212B13B3B57C0314C8A7391014740,1,0,0.00022127912899129915,733
Minneota,0101000020E6100000870A26A4E2FE57C0B59C369D01484640,0,0,0.0004724364108154226,734
Mora,0101000020E61000000DD5EACCAA5257C000C3880435F04640,0,0,0.0003290505896041772,735
Dover,0101000020E6100000129B9379940857C07AE6559323FC4540,1,0,0.0005134472441545141,736
Twin Valley,0101000020E610000043DD25C1961058C0994CEA4322A14740,0,0,0.00017580584953328512,737
Easton,0101000020E6100000F7475A21997957C0804520810FE24540,0,0,0.00047463393092743905,738
Eagle Bend,0101000020E61000000C217FC82EC257C053F1748A06154740,0,0,0.00030300432979735387,739
Elkton,0101000020E61000007F2BA58B362D57C06F3CD42C81D44540,3,1,0.00038595581631352936,740
Norcross,0101000020E610000083B01AA6900C58C0EB26120131EF4640,0,0,0.00032165121763862896,741
Lafayette,0101000020E6100000F554061B229957C039E163473B394640,1,0,0.0003269792391023695,742
Lake Saint Croix Beach,0101000020E61000005792BE6A043157C059FBF4A457764640,65,72,0.007220432517337526,743
Loretto,0101000020E610000087D81D30A96857C0D69CBD2303874640,36,28,0.0026384799703502567,744
Emmons,0101000020E6100000C5ED6FD20B5F57C068E988E0E6C04540,1,2,0.00030164252880186636,745
Chatfield,0101000020E61000009906E2FCE20B57C08790803136ED4540,0,0,0.0007208653447517607,746
Chatfield,0101000020E6100000A31AEFFC9F0B57C080D5667283EB4540,0,0,0.0007208653447517607,747
Farwell,0101000020E6100000F5492AA79BE757C0A71403E44EE04640,0,0,0.00016853406501740988,748
Ulen,0101000020E6100000EA4FDA1F851058C0B8F43FC1008A4740,0,0,0.000166324973871834,749
Seaforth,0101000020E61000000C71C96A2FD557C0C0273379F73C4640,0,0,0.0005803571501624553,750
Bowlus,0101000020E61000007B0C6779109A57C06AA0DC83D6E84640,0,0,0.0006443010067585998,751
Greenwood,0101000020E6100000C0D8C5D04E6357C0C37A2B9898744640,83,87,0.008758717236817946,752
Scandia,0101000020E610000059DDC5F8F93457C022C7A6EF7BA04640,7,8,0.0007335921284102055,753
Winton,0101000020E610000026FE220F3CF356C022A65DC1D7F64740,0,0,0.00020038922345443923,754
Baxter,0101000020E61000008B5D6566E29157C048C2CD69DA2B4740,0,0,0.0004353337793502288,755
Hanley Falls,0101000020E610000073DFBA33A5E757C0BC8C0EB78D584640,0,0,0.0005702753727729386,756
Borup,0101000020E61000002401C5AD5E2058C0806B5CC412974740,0,0,0.00020534541627926774,757
Waubun,0101000020E6100000210CB26533FC57C0EB1CF6ECD9974740,0,0,0.00015673124159698261,758
Beaver Creek,0101000020E61000006606B52C311758C0A8F5CC3668CE4540,0,0,0.0002086693538112296,759
Ely,0101000020E61000009FD46BE081F656C08B186836E3F34740,0,0,0.00019559952801742828,760
Lake Lillian,0101000020E6100000B1BAA3D451B857C01425D04812794640,0,0,0.0003526192550147859,761
Harding,0101000020E61000003158A3525B8257C019902E693E0F4740,0,0,0.00023415559818802792,762
Doran,0101000020E6100000862552F9131F58C0DDB06BA8B2174740,0,0,0.00021413859296480256,763
Flensburg,0101000020E6100000515C2B20ECA157C054B29E6C59F94640,0,0,0.0006409146214274536,764
Herman,0101000020E6100000D0D94A040C0958C0A8E07494BFE74640,0,0,0.0003377224883169204,765
Kent,0101000020E610000012CEAF05AC2B58C0A8C2AACB1E384740,0,0,0.00014346720111147205,766
Watson,0101000020E610000001637C8736F357C08ACC25B541814640,0,0,0.0003732945904535912,767
Clara City,0101000020E6100000B45DC8297DD757C0E5FDA806967A4640,1,0,0.00039960638329023727,768
Inver Grove Heights,0101000020E6100000D5DBFA15D14357C043808A8D90694640,21,23,0.0025184751349821154,769
Blooming Prairie,0101000020E61000001433BC71D14257C0A79825954DEF4540,3,5,0.0006673205825046205,770
Blooming Prairie,0101000020E6100000B1C9AE399B4357C09008694710EF4540,3,5,0.0006673205825046205,771
New Trier,0101000020E6100000A2C50EE2B23B57C04F52F4B5494D4640,6,5,0.0008840775616959612,772
Edgerton,0101000020E6100000153028FE570858C0ABA4084008F04540,0,0,0.0003979061354318257,773
Louisburg,0101000020E61000006FE0D134EF0A58C04198F7B405954640,0,0,0.000409297049285711,774
Mountain Iron,0101000020E610000022B2DC5A032857C06848D51C11C64740,0,0,0.00027554094250408813,775
Waite Park,0101000020E6100000AB4755042C9057C02B47627708C44640,0,0,0.0010464851525871328,776
Little Canada,0101000020E61000001C346416854557C051F54DD21F834640,50,40,0.004192736922729527,777
Mantorville,0101000020E6100000C2B68336333057C09D9A310261084640,1,2,0.0007973177983019444,778
Argyle,0101000020E6100000EE9E78F53D3458C056DD8D0A132B4840,0,0,0.00012812460599483398,779
Solway,0101000020E6100000A87BABCF55C857C0F05AC3E5AFC24740,0,0,0.00016043620956485746,780
Clarks Grove,0101000020E6100000CC639C2DF25457C083BD54B3A1E14540,1,0,0.0005224552368045686,781
Grasston,0101000020E6100000758D7DA6C34957C027E966EADBE54640,0,0,0.0005001127733058557,782
Altura,0101000020E6100000479824A563FC56C00BDE38F237084640,0,0,0.0005004835583337498,783
Hammond,0101000020E61000007F261105F51757C0E8B675E87C1C4640,2,1,0.0006514443358772505,784
Kellogg,0101000020E6100000D565BEE7EDFF56C0C04E4BFC58274640,0,0,0.00039603865294699533,785
McKinley,0101000020E61000004475C5D3F51957C08E4101942FC14740,0,0,0.00040176778516591333,786
Frazee,0101000020E6100000A71F1C1EFBEC57C0AEEF3468305D4740,0,0,0.00019599437686559194,787
McGregor,0101000020E61000004DE4C8598E5357C094516927E74D4740,0,0,9.700019576043586e-05,788
McIntosh,0101000020E6100000BA0178ACBAF857C01156CDC086D14740,0,0,0.00022353167491477382,789
Sobieski,0101000020E61000003FF4A5DDD99E57C0923BA5B425F64640,0,0,0.0006508679584475898,790
McGrath,0101000020E6100000BC301B60985157C073D86CC0FF1E4740,0,0,0.00010095017953531125,791
Bloomington,0101000020E6100000BCB91EDC2D5457C0320B489A516A4640,34,20,0.002895681501706548,792
West Saint Paul,0101000020E610000057DF921D7D4557C02F43710A70734640,45,37,0.004399762850702103,793
Garrison,0101000020E61000002646E7A2E67457C0E6A7AFC347264740,0,0,0.00017140233306687703,794
Waterville,0101000020E6100000D68A3E7CC46457C009F6BACB981C4640,4,2,0.0006291688655007152,795
Claremont,0101000020E6100000AA2B67EAD13F57C05459B20EBF054640,1,3,0.00029024658215490943,796
Belle Plaine,0101000020E6100000D6BD1B70E47057C0870F17DD374F4640,1,3,0.0004046566289023367,797
Browns Valley,0101000020E6100000AABA431E4B3558C01F9FE84E1ECC4640,0,0,0.00012822454736445638,798
Saint Louis Park,0101000020E610000012103DA95A5757C0164A9EB970794640,36,41,0.004106469069506141,799
Medina,0101000020E6100000340020A5556557C092881DD62E844640,23,24,0.00286315578330502,800
Walker,0101000020E6100000F59CDA3CA3A557C0CB17E41E8F8B4740,0,0,0.00010540783083757729,801
Pelican Rapids,0101000020E6100000833EBB97800558C068CEDB35FB484740,0,0,0.0001904294242344003,802
Tower,0101000020E61000007CDBDB80F61157C05FAD5E53B9E74740,0,0,4.653332218701846e-05,803
Shafer,0101000020E6100000C6423AFF363057C073C90A63E9B14640,7,10,0.0007026138700278662,804
Litchfield,0101000020E61000008017AEBCA1A157C0049345FFA08F4640,0,0,0.00044777240579335853,805
Zumbrota,0101000020E61000006488B6C11A2B57C078828B14BF254640,0,0,0.0005765121364668359,806
Fergus Falls,0101000020E61000006E157FA7D20458C070D34F098D244740,0,0,0.0002795782529982587,807
Slayton,0101000020E610000010E1D24689F057C0199BF4A2BFFE4540,0,0,0.00042215060722403184,808
Buffalo,0101000020E6100000F55853F6467757C06139E5A302974640,4,5,0.000913534022497375,809
Dodge Center,0101000020E61000002A413E986A3657C08E71B666A9034640,1,0,0.00045836870451268323,810
Miltona,0101000020E6100000BD2FAEFBC2D257C079CC1CC0EA054740,0,0,0.0001534147888380514,811
Saint James,0101000020E61000008C39231F08A857C0A8F02AD3DEFD4540,2,1,0.0004534507788398208,812
Woodland,0101000020E61000001C5F806CE06057C002C63A32A0794640,60,53,0.005782079999319593,813
Goodhue,0101000020E610000042F6F8E7072857C0539A3FA021334640,0,0,0.0004153651228616033,814
Harmony,0101000020E6100000E6E7B28A790057C062B8ED36F6C64540,1,0,0.00026908858307478497,815
Holdingford,0101000020E6100000CED5D99B289E57C04A6CAACC79DD4640,0,0,0.0005665427603681962,816
Northfield,0101000020E6100000D901D571894A57C0EA12EB95B4394640,15,12,0.0016601371490474785,817
Northfield,0101000020E6100000B6AFF75F724C57C0D5CE55CFDE3C4640,15,12,0.0016601371490474785,818
Saint Joseph,0101000020E6100000DDCB360F689357C088DBE2A766C84640,2,1,0.0008313145169175151,819
East Grand Forks,0101000020E61000006E79CA0CE04058C039E26D7AD8F64740,0,0,7.608599578224464e-05,820
Parkers Prairie,0101000020E6100000CEAA5A720FD557C02671F8179A134740,0,0,0.00011570771154988075,821
La Prairie,0101000020E61000001C5CD250735F57C0048D67AE749D4740,0,0,0.0007681127876889768,822
Wilder,0101000020E61000004E61B3982CCD57C0016CA824FDE94540,0,0,0.0003604271056836127,823
Garvin,0101000020E6100000C3CFBC9FAEF057C0C9AC3240691B4640,0,0,0.00030405037665972104,824
Albert Lea,0101000020E61000001E232936515757C0E2FF3E0BD2D34540,0,0,0.0005615991610368299,825
Barrett,0101000020E6100000126560C73DF957C0400AF7A9C9F44640,0,0,0.0002944199780041165,826
Cologne,0101000020E6100000E9FCD47AC27257C087C3D04581624640,6,4,0.0008429565774322301,827
Rutledge,0101000020E610000025C4FCDFA73757C0F1210BD4E4204740,2,2,0.0004806122251494842,828
Saint Leo,0101000020E610000065B9A6A05D0358C0975D2FECD05B4640,0,0,0.00029756608970431156,829
Winsted,0101000020E61000009BF33E9F308357C0E9894AB1877A4640,1,3,0.0007243015325270023,830
Orr,0101000020E61000009AB0F4A7C73457C08BEE8CFC9E074840,0,0,2.561821656454545e-05,831
Roseville,0101000020E61000009E162E96E34957C0EC9868ABFC814640,47,52,0.0052373342052937175,832
Squaw Lake,0101000020E6100000EEC2686AD78857C0CC814A634FD04740,0,0,5.4239395713857475e-05,833
Andover,0101000020E61000006DAF6643E55457C0A44AC713E8A04640,17,14,0.001719844247513578,834
Long Prairie,0101000020E61000003252DC9633B757C0EDCCB06B1FFD4640,0,0,0.0003361489193454952,835
Arco,0101000020E6100000B403E851AF0B58C0664181F31E314640,0,0,0.0001934956417627755,836
Sabin,0101000020E6100000CCE44845EC2958C03F1AD8FC06644740,0,0,0.00025851368734211485,837
Landfall,0101000020E6100000793F481E8A3E57C0DBE756AFAB794640,23,27,0.0026947575709709067,838
Ostrander,0101000020E6100000852627F46E1B57C06D1A164E9ACE4540,0,0,0.00030823024995112495,839
Bellingham,0101000020E61000009F5B66C92E1258C0168AD3F176914640,0,0,0.00033090336047060927,840
Melrose,0101000020E6100000931F09D004B457C08E7D91AD7CD64640,0,0,0.0007539062466455262,841
Howard Lake,0101000020E61000002BE1E03E468457C04153F09BC2874640,4,2,0.0006492879864994025,842
Watertown,0101000020E6100000337AA3F5F27557C07EB7C00AEE7A4640,12,14,0.0011339077936842988,843
Arlington,0101000020E6100000B0ACF24AE48457C0FAC738D0DE4D4640,2,4,0.00031399649657851565,844
Barnesville,0101000020E61000006588BA88951A58C0CF7D6C3544534740,0,0,0.00015667820861733062,845
Grand Meadow,0101000020E6100000240E77C87D2457C0BFCEA35465DA4540,0,0,0.00039420844011025266,846
Lino Lakes,0101000020E610000025F0875D4F4557C0CE50ACF07A954640,40,34,0.003538683508744698,847
Henning,0101000020E61000007CEE37D552DC57C0E607DBDA74294740,0,0,0.0002547061465285754,848
Lismore,0101000020E6100000D9218468ADFC57C06088408FD7DF4540,0,0,0.00031778485850169046,849
Champlin,0101000020E610000088BE8FDDFA5857C094BE169BCD954640,25,28,0.0032712801258920113,850
Halstad,0101000020E61000007358C359DA3458C038DEF8C4F0AC4740,0,0,0.0002221969985140829,851
Walnut Grove,0101000020E6100000B3EF620D0ADE57C05DDD28A2CD1C4640,1,0,0.00045859765905576324,852
Frost,0101000020E610000096C5A602307B57C0045EF16DD3CA4540,1,0,0.00031667873264046954,853
Chickamaw Beach,0101000020E6100000EBC8E9758C9857C0A9CB66A4595F4740,0,0,0.0007285718313971727,854
Beaver Bay,0101000020E61000009A63A62A99D356C03AE88A9DCAA04740,0,0,0.0002676342215310776,855
Hadley,0101000020E61000002FCFC701E0F657C098E32AB6D7FF4540,0,0,0.0003581213020804973,856
Woodbury,0101000020E61000009B2CC934123B57C0F781489DE8734640,20,28,0.002507077096172519,857
Taopi,0101000020E6100000F7AE186CFB2857C0CAF686935BC74540,3,1,0.00032715909417732906,858
Cosmos,0101000020E610000052A0DBC87EAC57C02778D811BC774640,0,0,0.00031391904585874395,859
Manchester,0101000020E61000007D85D712D95C57C04B1E12DEDCDC4540,0,0,0.0005720807046836877,860
Chandler,0101000020E6100000927E10FBF7FC57C0C446CA09E6F64540,0,0,0.00031643099401691764,861
Karlstad,0101000020E6100000E74E2BE20B2158C0F349A6EE054A4840,0,0,0.00016754964757378034,862
Ivanhoe,0101000020E610000094112861101058C047408481973B4640,0,0,0.00016836422342411648,863
Kingston,0101000020E61000005029C91AE79357C0A84D441F15994640,0,0,0.0003398477215714929,864
Darfur,0101000020E610000096428EC99DB557C03D30E9FBD8064640,2,2,0.0005328751500706981,865
Rushford Village,0101000020E6100000D63411B6A7F256C0F227D80AD4E64540,0,0,0.0010189226432633944,866
Arden Hills,0101000020E610000061CD2BF5B04A57C03CA9AECF3D894640,46,49,0.0057569548328116425,867
West Union,0101000020E6100000C953A313D9C557C0B1EA7E53E5E54640,0,0,0.000405607543793985,868
Coleraine,0101000020E610000005493708F55C57C0DEC7B407C6A14740,0,0,0.0005635471128839727,869
Gem Lake,0101000020E6100000D1B83553964257C057E33F666B874640,50,44,0.005891309252410543,870
Nerstrand,0101000020E610000054859A93184457C0D37B333AE52B4640,1,9,0.0004368059636926786,871
Greenbush,0101000020E6100000F8417288BF0B58C06D68AD93BD594840,0,0,8.998801669973722e-05,872
Kelliher,0101000020E6100000F88F6F3F759C57C07D18625AD0F84740,0,0,6.234883587589992e-05,873
Browerville,0101000020E610000084DAB2BA55B757C0C0D15DB3550A4740,0,0,0.00033225580894977684,874
Mahnomen,0101000020E6100000C167482DEAFD57C0F3852C374AA84740,0,0,0.00015764243770897222,875
Ironton,0101000020E610000050BD7A14DD7F57C02762FA22A83D4740,0,0,0.001505549479956538,876
Eitzen,0101000020E61000003698BC2DACDD56C0227E3CBE09C14540,0,0,0.00012606277824650435,877
Rushmore,0101000020E610000002661A9023F357C0D0DFDD2453CF4540,0,0,0.00023178479227249662,878
Long Lake,0101000020E610000025BAD3DB6B6457C065D2A0AFF47D4640,30,42,0.0041309236871546005,879
Henderson,0101000020E61000006893D3322E7A57C084CA1CE793434640,2,1,0.0005317206821658003,880
Nimrod,0101000020E61000002B5E587F59B857C02775346997514740,0,0,0.00015018304675400385,881
Gilbert,0101000020E610000093A55A14861D57C0459A92B3E1BE4740,0,0,0.0005151165721524064,882
Granada,0101000020E61000006908669A5E9657C0CB1A1308B6D84540,2,3,0.00036734073285110827,883
Hackensack,0101000020E610000042FD51EF02A157C0F29FFD63A7764740,0,0,0.00014231953668194668,884
Columbia Heights,0101000020E6100000037997D0CF4F57C04CFBC01930864640,160,162,0.025571657882091838,885
Onamia,0101000020E610000089F82923B36A57C0A34DC14EFD084740,0,0,0.00019845800426050313,886
Waltham,0101000020E6100000881510F4FA3757C0E21C0BDBDEE84540,0,0,0.0004906776653779456,887
Graceville,0101000020E6100000FA052330FC1B58C0ECAE7A86CBC84640,0,0,0.00030228200163733005,888
Askov,0101000020E610000043FD6ABB123257C01070792E25184740,2,3,0.00031781127698978835,889
Myrtle,0101000020E61000009D13C3EC6E4A57C0A5633AC618C84540,1,0,0.0003246170058217,890
Magnolia,0101000020E6100000983ABEBBD10458C0D5C98BCC74D24540,0,0,0.00028308554582389013,891
Kensington,0101000020E610000068B8897298EC57C0FB37BCA89CE34640,0,0,0.0004137689479817168,892
Rice,0101000020E61000006A2617BEF48E57C050CB9D4E56E04640,0,0,0.000603027902376448,893
Gibbon,0101000020E610000017D5BA3F8CA157C0F8F6D12641444640,0,0,0.00032276138543093063,894
Turtle River,0101000020E6100000F2E2388E87B057C06A9FEEAB4ECB4740,0,0,0.00012426250840727565,895
Richville,0101000020E61000001870C05614E857C06039DE5AC5404740,0,0,0.0002580840581081282,896
Wheaton,0101000020E6100000851386CFE11F58C06EB5A59526E74640,0,0,0.00020027911362833513,897
Plainview,0101000020E6100000929218D5DD0A57C0C6857EC419154640,0,0,0.00043350712839602306,898
Albertville,0101000020E6100000B5F7C1B95B6A57C01BCAC91B429E4640,19,16,0.002023711769049949,899
Storden,0101000020E610000010969D1C4BD457C0B5AD556C11054640,0,0,0.00032894854655330464,900
Rosemount,0101000020E6100000C521B2BC3B4457C0FE490F1A905F4640,12,19,0.0016992857187855474,901
Circle Pines,0101000020E6100000A4CB3C00A24957C0C27AF15A08924640,54,57,0.0060201930744537115,902
