"City","geom","Incoming","Outgoing","Risk"
"Bluffton","0101000020E6100000B9BC8742F6CE57C07496CA701B3C4740",0,0,0.00036999539448024347
"Sartell","0101000020E6100000E08E21C2608E57C01886B51C2DCF4640",9,13,0.0019796050662316536
"Sartell","0101000020E610000080C3EE83158C57C0DF8E01C16ECF4640",9,13,0.0019796050662316536
"Cambridge","0101000020E610000088E5FA1F964E57C0E4CD0F9ADCC74640",0,0,0.0007813009175799695
"Waseca","0101000020E6100000B829979E3F6057C02AA92922830A4640",5,2,0.0009783769924103726
"La Crescent","0101000020E61000003D6612B174D356C054BF096F18EA4540",4,3,0.0010430469555480133
"La Crescent","0101000020E61000000EC0E7D602D456C01E24ABC0E6EC4540",4,3,0.0010430469555480133
"Waconia","0101000020E6100000F7235D40947257C0BBB0F922B36B4640",15,23,0.0018469676685792542
"Aitkin","0101000020E6100000A7D63EB72B6D57C06699FDFE57434740",0,0,0.0003378847551915623
"Hopkins","0101000020E6100000915FFD12F55957C0BA0C704587764640",40,31,0.004857256002099158
"Morristown","0101000020E6100000915651EC795C57C081D57A6CB21C4640",8,2,0.0009816466977512269
"Madison Lake","0101000020E6100000F0978B18557457C0236528DD811A4640",5,5,0.0011899378510591065
"Cobden","0101000020E610000030DE8C0A2CB657C0959419BB29244640",4,3,0.0009517966123914447
"Evan","0101000020E61000009B7B575E83B557C01AABE43F702D4640",3,2,0.0009712040472532132
"Lanesboro","0101000020E6100000A687E0F419FE56C09B65099589DB4540",7,4,0.0007274078378301011
"Isle","0101000020E6100000256F7CC4625D57C01E8E353EC1114740",0,0,0.00029087437812148827
"Cohasset","0101000020E6100000BCB070D5FE6857C0DB7188DFB69E4740",0,0,0.00022093668016596476
"Crosby","0101000020E61000008A4396FE437D57C034DF4403A13E4740",0,0,0.0005613423062457756
"Ceylon","0101000020E61000003EC137C55EA857C03A5CA92528C44540",0,0,0.0004605218438416383
"Carver","0101000020E61000008CB45A0E756857C023DE62AA60614640",19,22,0.001988919258577127
"Milaca","0101000020E610000050B79CB19C6957C000E2FA7FCCE04640",2,4,0.0006564138749140008
"Roseau","0101000020E610000053673E2CC6F057C0730A4ECD176C4840",0,0,9.822055307187675e-05
"Tyler","0101000020E61000007F983E11920858C02E51844054234640",1,1,0.0004128449197092355
"Bingham Lake","0101000020E6100000AABDFADDF2C257C0E8C533AD69F44540",3,2,0.0006417864039819319
"Nielsville","0101000020E6100000D066BD5A313458C0EF7F63D0BCC34740",0,0,0.00042438134336141714
"Mapleton","0101000020E61000007EF5C5BC177D57C06AB72C868DF64540",3,1,0.001037977882184961
"Hanover","0101000020E6100000F25960050A6B57C0798EAF907A944640",48,44,0.004974001346439965
"Hanover","0101000020E6100000F235D884766957C00B20B878D2934640",48,44,0.004974001346439965
"Pine Island","0101000020E6100000A96A4FFA442557C0D48467FA04184640",13,16,0.0018091571353731604
"Pine Island","0101000020E61000004B0DD099372957C01A89F131241A4640",13,16,0.0018091571353731604
"Bemidji","0101000020E610000004E6154A65B857C079C80DB082BE4740",0,0,0.00018760074996789975
"Maple Lake","0101000020E610000085C0B379668057C0DC23B4EBDE9D4640",10,15,0.00083093020761986
"Norwood Young America","0101000020E6100000770F03CFC77A57C064D237B6CF624640",14,12,0.0013853312791180113
"Donaldson","0101000020E6100000D609F4F43B3958C0365B7E7B4E494840",0,0,0.0002572759303132379
"White Bear Lake","0101000020E6100000499F0FA3E33E57C0A69F036EF7864640",83,99,0.009279811737408399
"White Bear Lake","0101000020E61000001A26498BFA4057C0242D98CF63884640",83,99,0.009279811737408399
"Elrosa","0101000020E61000008EAF448398BC57C05F596A013FC84640",3,5,0.000708789499790166
"Trail","0101000020E61000006D85F183ACEC57C0A0792CB642E44740",0,0,0.0002759626068584183
"Randall","0101000020E6100000548820CD0CA057C09B50D539590B4740",0,0,0.0005579180083562437
"Hoyt Lakes","0101000020E61000004814DC5A680757C095BA7696A2C74740",0,0,9.271485844328763e-05
"Georgetown","0101000020E6100000B92B6B9DEF3258C02FD5F6E4088A4740",0,0,0.0003178899664972013
"Lake Shore","0101000020E61000004A38F86E439757C014F26FE383404740",0,0,0.0004668029319148633
"Anoka","0101000020E61000005713E3B6E95857C012A5F26CDE9A4640",37,38,0.004064592583165963
"Coon Rapids","0101000020E61000004C23465BCC5357C0C8BB5BCA75964640",47,46,0.005494521939735053
"Wykoff","0101000020E61000001744E9EB1C1157C004824F40B5DA4540",2,4,0.0006019358869674448
"Sebeka","0101000020E61000003C2DB4EE9FC557C0C862323388504740",0,0,0.00028865508521283355
"Pennock","0101000020E6100000C45726C533CB57C0C61DF061AB924640",1,0,0.0007582194213535384
"Maple Grove","0101000020E61000002C832B6A9A5D57C0A6754926F18D4640",54,45,0.005435824641579031
"North Saint Paul","0101000020E61000008B284023F73F57C05A12D765C0814640",54,23,0.004091150127248005
"Odessa","0101000020E6100000933AAC97571558C0B01CC09B8EA14640",2,3,0.0005482851304814981
"Laporte","0101000020E610000045F056D978B057C0C06044307C9B4740",0,0,0.00015468258197723144
"Dundee","0101000020E610000098371C6FDEDD57C097DA30610CEC4540",0,0,0.0005802507632496775
"Steen","0101000020E6100000739DB057D61058C0E5AC9DD1D4C14540",0,0,0.000234375912175366
"Stacy","0101000020E6100000404A1E819C3F57C0469EFAF527B14640",11,12,0.001295613631932936
"Fulda","0101000020E6100000EBFDDB218CE657C025BF48393FEF4540",1,3,0.000518224937681889
"Callaway","0101000020E6100000DA03BD6D5BFA57C05B0B94A4B27D4740",0,0,0.000236450062184017
"Millville","0101000020E6100000E1570E23F21257C07D40EE754A1F4640",9,3,0.0008979918035872836
"Campbell","0101000020E61000006AE11CE2F31958C0CC17F25F7B0C4740",1,0,0.00047925355419496256
"East Gull Lake","0101000020E6100000A8DC714DB59657C0B580144087324740",2,0,0.0005014230026118015
"Hendrum","0101000020E610000071EB3E81E23358C0E8A4B934CFA14740",0,0,0.0003740966277276243
"Princeton","0101000020E6100000903A3ECEA26557C0AB25C6DAD7C64640",11,9,0.0014575856206520447
"Princeton","0101000020E610000090741986CE6557C0D0207E1C76C94640",11,9,0.0014575856206520447
"Amboy","0101000020E6100000DC29EBE51F8A57C06C60BADAA8F14540",2,4,0.0010107717205242938
"Lucan","0101000020E6100000D52F2D2875DA57C011C789FE7B344640",2,1,0.0009673880664494901
"Winger","0101000020E61000004807568E1AFF57C0F2A81687A6C44740",0,0,0.0003703079547516626
"Echo","0101000020E61000000FFB75007BDA57C0DE3393410D4F4640",1,6,0.0009394904665701716
"Round Lake","0101000020E6100000767F4D4D13DE57C09400EAE8C6C44540",0,0,0.0002868252455888252
"Perham","0101000020E6100000B85792C2F0E457C0285886BACF4C4740",0,0,0.0003699050047690462
"Warba","0101000020E6100000AAB4784E035157C0A60FA32781914740",0,0,0.00018956259326475213
"Medford","0101000020E6100000E59A8652D24F57C0224FD5A493154640",2,0,0.0009838100538893501
"Cokato","0101000020E61000003A869620068C57C0111E7EE0E3894640",13,9,0.0009382893596806662
"Westbrook","0101000020E610000092765B82FDDB57C00AE3783957054640",2,0,0.0006519828063216474
"Faribault","0101000020E61000004476DF91D95157C0FEAE9F2258264640",6,6,0.0011495429788714931
"Preston","0101000020E61000008A9191CD540557C04024C94017D64540",3,3,0.000641250523851345
"Calumet","0101000020E610000096351A880F5157C0403246B9E7A84740",0,0,0.000262878331718681
"Brook Park","0101000020E61000003920C839A94457C05DE43D1766F94640",1,0,0.00046475173760491525
"Foxhome","0101000020E61000001ECB077AFC1358C0E4B580DB70234740",0,0,0.00040866585697553747
"Fairmont","0101000020E6100000876519EE909D57C0B8C731976FD24540",0,0,0.0006644438172915303
"Hollandale","0101000020E61000008C3EEF71154D57C0F829FFA343E14540",4,3,0.0007609333948224994
"Brooks","0101000020E61000004AA70CF3390058C0F9A08B7583E84740",0,0,0.0002853680981706675
"Burtrum","0101000020E6100000ED2906A5FDAB57C0CC46AF2CD3EE4640",1,1,0.0006826575125804143
"Meire Grove","0101000020E61000009B038FE9A2B757C0A678F45F26D04640",3,1,0.0007252030056865706
"Hugo","0101000020E610000056A6D8C35B3D57C05C359F3C62954640",29,33,0.002345968038922233
"Foreston","0101000020E6100000E50DF265696D57C0D3D17762B4DD4640",0,0,0.0006381254007514959
"Fountain","0101000020E610000052F11B38970857C0D232C2B00BDF4540",1,4,0.0005667627497576077
"Vermillion","0101000020E6100000DD313722B73D57C0548F3DD636564640",13,13,0.0016656344800928785
"West Concord","0101000020E6100000786DF12E913957C0A2381B4A92134640",4,4,0.0006628609518768096
"Lake Henry","0101000020E61000001CF1145EF8B257C097E1FBF51EBB4640",0,0,0.0007241707877058668
"East Bethel","0101000020E6100000E6DCC7560B4D57C075421ABB85AD4640",12,20,0.0017191704524839274
"Buhl","0101000020E610000093EEEC033A3157C039529FFBEBBF4740",0,0,0.00018596433405887518
"Proctor","0101000020E6100000D94A03C7990E57C02C6DE181D45E4740",0,0,0.0002132427122204832
"Hayward","0101000020E61000005D360FFBBD4F57C02DD595F62DD34540",4,4,0.0006285399760995165
"Wabasha","0101000020E6100000E7C8CA04B00257C0EBB27899712F4640",4,5,0.0006300487218020882
"Pine Springs","0101000020E6100000C8055A95133D57C06004C2C8B6844640",38,22,0.003588229052987891
"Nashua","0101000020E61000005774ADD1951358C0BF5F6EDFD2044740",1,1,0.0004964249323085836
"Ogilvie","0101000020E61000000CFF7AAD055B57C0584125551DEA4640",0,0,0.0005021840408260659
"Milroy","0101000020E61000000BEA857C6DE357C00CB7B9A279354640",5,1,0.0009420312573143965
"Caledonia","0101000020E6100000ADC5C5700FE056C0ED19A7E634D14540",3,1,0.00039689617026536506
"Cyrus","0101000020E6100000BF6D6EC13EEF57C085D48D54B1CE4640",1,0,0.000590401559776694
"Prinsburg","0101000020E6100000CD45E5DBF7CB57C0E9EEB048AB774640",4,5,0.0007748582395040795
"Roosevelt","0101000020E61000001EAB48A67EC657C0EA141CF951674840",0,0,0.00011032492752867081
"Roosevelt","0101000020E6100000AE7087FEA7C557C010AC0C882A664840",0,0,0.00011032492752867081
"Humboldt","0101000020E6100000C001F72A0E4658C023CF553AF4754840",0,0,0.00014746295667671704
"Lonsdale","0101000020E6100000B256D240085B57C0B3B3D511263D4640",9,7,0.0010684278886951275
"Dexter","0101000020E61000003EAEACC5E22C57C0D66AE6A521DC4540",6,7,0.0005511528206095834
"Canton","0101000020E61000005280E98383FB56C09778DAB5CEC34540",1,0,0.0003489084695013031
"Evansville","0101000020E6100000D68D1F4CF4EB57C06E07543CCC004740",0,0,0.0005154220461394954
"Rice Lake","0101000020E61000008CC114D25C0757C0EFD7B24FCE724740",0,0,0.00014511773259897362
"Foley","0101000020E61000007893A7B6337A57C0F2E6EE83F0D44640",2,1,0.0006546438784354655
"Lester Prairie","0101000020E6100000BE63AB1E588257C0F5C596F110714640",9,16,0.001306275222438422
"Burnsville","0101000020E61000000728769EE35157C068214CBEE6614640",37,34,0.0037769533545574025
"Excelsior","0101000020E6100000B586DA40426457C01D0483475D734640",44,46,0.004380502935681669
"Hitterdal","0101000020E6100000E18638BA891058C04C5ACB63267D4740",0,0,0.0002915291596559272
"Pine River","0101000020E61000000CAAB73A719957C0E68B105D785C4740",0,0,0.0004035784838870317
"Madelia","0101000020E610000005591938E49A57C024CD4D7827064640",4,5,0.0009639964605962965
"Springfield","0101000020E610000076BD8887D7BE57C05B145D6B5E1E4640",7,7,0.0009950016301427042
"Hanska","0101000020E6100000C516EC3CA59F57C0BADED24A0C134640",6,5,0.0009880900033111236
"Greenwald","0101000020E610000052D51E78FFB657C0EF339A35FBCC4640",1,2,0.0007467882545876715
"Saint Francis","0101000020E61000003D8A7F23055957C023DE94CD0DB34640",22,31,0.0026714086192983085
"Saint Francis","0101000020E6100000C25745982B5457C05A6BE9B35EB54640",22,31,0.0026714086192983085
"Elbow Lake","0101000020E6100000FE6F4F2D9CFE57C0FBD4BE42B3FE4640",2,0,0.000538308434404007
"Riverton","0101000020E61000005612A538218357C0624C18B6AC3A4740",0,0,0.0004717660564351668
"Robbinsdale","0101000020E6100000840B58E3525557C0EF4A695056834640",44,51,0.006253582863825582
"Le Center","0101000020E61000002F33793ACA6E57C00DB7958E7B314640",8,11,0.00112329922384514
"Gilman","0101000020E6100000A8136A2FB47C57C089B0F90020DE4640",4,0,0.0005731693471449783
"Barry","0101000020E610000031A6161ADB2358C04BEEAAB475C74640",0,0,0.000375714238451279
"Woodstock","0101000020E6100000BED99FEC300658C0D404332468014640",0,0,0.00035403361339168544
"Stockton","0101000020E6100000DECB855641F156C0637C06B578034640",4,14,0.0008105277566878558
"Miesville","0101000020E61000009BDFC399743457C0FACF86ADAB4C4640",5,11,0.0008830776163237862
"Brooklyn Center","0101000020E61000000C33ACDF3B5457C099DD42AAB7884640",52,61,0.006512378777757949
"Geneva","0101000020E6100000F823D2492B5157C0F8FA8B1251E94540",1,2,0.0008321997996880129
"Annandale","0101000020E6100000ABA7C8D3BC8757C00315AD203EA14640",13,7,0.0007947507166175037
"Okabena","0101000020E6100000137DCA6F66D457C0B5347F65A1DE4540",1,0,0.0005116643998630231
"Battle Lake","0101000020E61000004809D62506EE57C0A001FD6369244740",0,0,0.0004190410574838513
"Chanhassen","0101000020E6100000497AFC59026157C06017532E5E6E4640",71,77,0.006598955655178895
"Chanhassen","0101000020E610000022B2D835016457C0B04085BA5F6D4640",71,77,0.006598955655178895
"Lewisville","0101000020E6100000C43AB65ECB9B57C0D96A559048F64540",5,6,0.0008819100845171546
"Shoreview","0101000020E610000065D07E60B04857C0B3722485C78A4640",38,54,0.005078296947082459
"Orono","0101000020E610000095AA7E25D06557C0EEC0DB1C727B4640",36,30,0.00375384123596318
"Saint Bonifacius","0101000020E61000005980A4A8D76F57C093F9DDB3E4734640",21,28,0.002231126302704429
"Kandiyohi","0101000020E6100000D8D55503B4BB57C090BB6D48D5904640",10,5,0.000801098051509741
"Franklin","0101000020E61000008258796995B857C0D5263D3EEB434640",2,9,0.0008949739289925446
"Eden Valley","0101000020E6100000DD014364E1A257C0C55F7F754FAA4640",8,14,0.0016153565006482077
"Eden Valley","0101000020E610000050DCB38CF4A257C0D68269D612A94640",8,14,0.0016153565006482077
"Sherburn","0101000020E61000005717B3348EAE57C05CDDB64BD2D34540",2,1,0.0006233253682500087
"Pequot Lakes","0101000020E6100000A73D527B189357C0118C07E1344B4740",0,0,0.00044846633583103937
"Lakeville","0101000020E61000004933A50C1B5057C040513B379D564640",24,23,0.0026533989756176287
"Plato","0101000020E6100000FCF46DBB888257C0BF6DCAD5DF624640",6,11,0.0011675167096384623
"Byron","0101000020E6100000EE8C69A5052957C0FA1EA7ACE2044640",6,7,0.0008188697255553629
"Mazeppa","0101000020E6100000DE24353A922257C00C617C8C07234640",9,6,0.0009884098999621582
"Kasson","0101000020E6100000638C25D2E52F57C076B63DD656044640",5,15,0.0008355886348132646
"Savage","0101000020E6100000D05961613E5757C02E5E20B293604640",30,34,0.003137829896683635
"Royalton","0101000020E610000097625201B79257C0B5C2C13E8BEA4640",7,8,0.0015130555695994999
"Royalton","0101000020E6100000951E001EF19257C0EB9DEC95E5E84640",7,8,0.0015130555695994999
"Prior Lake","0101000020E6100000939476B4315C57C036A3223DE15C4640",18,19,0.00254095569034288
"Hawley","0101000020E6100000EF3F2D39571458C03FF77E7041704740",0,0,0.00033417984172170166
"Saint Paul Park","0101000020E610000080E0251FAD3F57C0591F6F48026B4640",28,29,0.0030197890310502307
"Saint Michael","0101000020E6100000931D486A4A6C57C06094C398C7994640",35,24,0.0023491622809531463
"Credit River","0101000020E6100000EDB0E853F65657C04372993242564640",16,29,0.0018304434498238348
"Glencoe","0101000020E610000085EF0802A78957C067B45F048F624640",4,12,0.001021096511935979
"Bigelow","0101000020E6100000C3DD65ED22EC57C0789B3926A6C04540",0,0,0.00023603740329369263
"Warroad","0101000020E610000039EF257F01D557C0AA8EEAF23C754840",0,0,7.043458315271425e-05
"New Prague","0101000020E6100000FA91105A906457C09D28FABDD8444640",20,23,0.002325898059457992
"New Prague","0101000020E6100000D5843DFA086557C0F30631EA94464640",20,23,0.002325898059457992
"Wilton","0101000020E61000001174610AF2BF57C0DE1D2F33F8C04740",0,0,0.00019900279314297517
"Janesville","0101000020E61000000A0FC5FB716D57C0072AEC7D6B0F4640",4,7,0.0011327655843444372
"Pillager","0101000020E61000000AECEA5EB29E57C0942C7FA0312A4740",0,0,0.0004947067778062489
"Harris","0101000020E6100000615E73F8283F57C03B22F84580CC4640",3,5,0.0005844959127911504
"Urbank","0101000020E6100000376FB30FABE057C08F9D351AE60F4740",2,2,0.00041262961632484454
"Windom","0101000020E610000007C19B9BB4C757C0AD75EF8AD8EF4540",2,4,0.0006972243198549123
"Adams","0101000020E61000001ACFDD6C052E57C00454D08A5DC84540",2,2,0.0005044859164167866
"Alberta","0101000020E61000000173303E390358C00225AA0E96C94640",2,0,0.000621525874571703
"Lake Benton","0101000020E61000003FC23BC6851258C019DF24D4CE214640",0,0,0.00021722380297140888
"Maplewood","0101000020E61000004C1E5AA8934157C0E200935CF07D4640",56,43,0.004566372312178613
"Winnebago","0101000020E6100000D7B8F08DE58A57C0AF716F2BDEE14540",4,10,0.0008025476132858387
"Barnum","0101000020E61000001FE915920E2C57C0553EC040AD404740",0,0,0.0002851557751584855
"Trimont","0101000020E6100000AD4FFB30D6AD57C088226FF169E14540",4,9,0.0007480642490489595
"Saint Rosa","0101000020E6100000897131C7D5AD57C0BB742F6244DD4640",5,6,0.0006979030733417004
"Babbitt","0101000020E61000003EE3735889FC56C05EFD5D587ED24740",0,0,6.42668268897474e-05
"Lexington","0101000020E6100000BFA5C7C0F64A57C090BC15DCAE914640",53,39,0.004613785818159833
"Forest Lake","0101000020E6100000B44F6D1B543D57C0DB7C65D973A04640",7,16,0.0018915978324934948
"Dennison","0101000020E6100000081A88FCEA4157C06D6524FE54344640",11,14,0.0014931187397028676
"Dennison","0101000020E6100000EE1CA3489D4257C0BB99F76F5B344640",11,14,0.0014931187397028676
"Badger","0101000020E61000004DF9D6B85D0158C090AE729F6C634840",0,0,0.00014162583067944736
"Deer Creek","0101000020E6100000B0B9B17397D457C0C9DE889409324740",0,0,0.0003412909021741601
"Chaska","0101000020E6100000D4B978FAFD6657C05D5131B079684640",35,26,0.002784272755335673
"Hutchinson","0101000020E6100000645E103E239857C069B4F9295B714640",7,8,0.0008675106916844814
"Blaine","0101000020E61000001C558A25664C57C0B2FAF95A8C8F4640",97,72,0.009523516985821524
"Blaine","0101000020E61000005DD2D7C24C4D57C0E14E2A1DBD954640",97,72,0.009523516985821524
"Buffalo Lake","0101000020E6100000BC1914B379A757C0455315144D5E4640",11,4,0.0008746774830379685
"Montgomery","0101000020E61000003336ABC6176557C04ED5B4E1FE384640",5,9,0.001038299357872646
"Sauk Centre","0101000020E610000067CA95D2F8BC57C002DA56094DDE4640",6,7,0.0007244486348020666
"Cook","0101000020E6100000A3450905142C57C0981AF845B3EB4740",0,0,8.946972929618913e-05
"Spring Lake Park","0101000020E6100000E9AF8A5FB84F57C00426772ADE8E4640",102,61,0.009821480561273696
"Spring Lake Park","0101000020E6100000CF76EFFA714E57C06B1C602E7F8E4640",102,61,0.009821480561273696
"Plummer","0101000020E610000006C75C47A80258C092CC87B223F54740",0,0,0.00027343415881307204
"Corcoran","0101000020E6100000DEB5BD9D5A6557C066EB433EF18D4640",31,32,0.0032030362736904833
"Saint Cloud","0101000020E6100000DAAF8471138C57C07033F8A0A7C34640",14,20,0.0025596691235781153
"Saint Cloud","0101000020E61000007DD6BD2F5E8757C088103DB7D6C84640",14,20,0.0025596691235781153
"Saint Cloud","0101000020E6100000D89294D2938657C0E1AFD8A4C4C54640",14,20,0.0025596691235781153
"Kasota","0101000020E6100000F9E82CF5FA7D57C05FDE02F64D254640",7,9,0.0015618600556012488
"Rockville","0101000020E6100000259459C89A9457C0107821DA8DBB4640",2,4,0.0006861789589089192
"Jordan","0101000020E6100000A17D2FE5BE6857C08BFF8A2DFE544640",15,15,0.001644677219493148
"Brandon","0101000020E61000001F310A7A0BE657C00885B574B0FB4640",1,0,0.0005371069699495456
"Buckman","0101000020E6100000399ECBFA038657C0127B598FDCF24640",1,4,0.0005889704229304179
"Stewartville","0101000020E61000006DBC1520591F57C040F8CC0B29EE4540",3,4,0.0007356053884204776
"Red Lake Falls","0101000020E610000026A1FD39721158C0B8F8099224F14740",0,0,0.00033460754957424435
"Lastrup","0101000020E61000009DBABF670F8457C0DE711685F5044740",0,0,0.0004966357224433455
"De Graff","0101000020E6100000264A70CBFCDD57C0EBC0EA3541A14640",0,0,0.0007543790270721542
"Marshall","0101000020E610000013011B1E88F257C098598E607D394640",0,0,0.0008946335306793546
"Akeley","0101000020E610000059EE5D8997AE57C0259AE47013804740",0,0,0.0002065644141353217
"Hoffman","0101000020E6100000898DFFE671F257C0ABA5285F97EA4640",0,0,0.0005073786274861729
"Brewster","0101000020E61000000B6D790DBCDD57C0CF7AA9343ED94540",2,1,0.00042122322964392787
"Lake Crystal","0101000020E610000084DA55C5FF8D57C0B96FF407830D4640",12,7,0.0010256454900987773
"Oslo","0101000020E6100000406F3225704858C056976A4400194840",0,0,0.00022673750852782073
"Utica","0101000020E61000008F672631C5FC56C08CE7FD4214FD4540",5,8,0.0006624833733988134
"Gully","0101000020E61000005CDF11F4DCE757C0F982A6255CE24740",0,0,0.00030551712980407016
"Morton","0101000020E6100000DC50E5B308BF57C0FEDA92E5D4464640",6,7,0.001057710347705242
"Clitherall","0101000020E61000004BF3C14062E857C090B4B5321E234740",1,0,0.000463420559959368
"Henriette","0101000020E6100000EA68D93DA84757C040DB724A86EF4640",3,3,0.0005496277212811522
"Holt","0101000020E61000004906872B720C58C06DB9B1637F254840",0,0,0.0002898762204423055
"Wabasso","0101000020E6100000C4BDB7BD58D057C0B1DCF3B585334640",3,13,0.0010469651622362136
"Grove City","0101000020E6100000E06F6644A4AB57C0EB0D7F0317934640",8,9,0.0008074442969359113
"Menahga","0101000020E6100000FB65F3007AC657C082C44717A25F4740",0,0,0.00027371692210995466
"Freeborn","0101000020E61000006F5D6E7D1E6457C00A327ADC0EE24540",8,4,0.0009139312470839308
"Dalton","0101000020E610000038CA8CDD97FA57C09195307342164740",1,1,0.00047884063998053793
"Heron Lake","0101000020E6100000A8C6C7FF78D457C097289F1226E64540",1,0,0.0005882382220529799
"International Falls","0101000020E6100000735903651C5A57C0BE4E7C353F4B4840",0,0,8.34860544864427e-05
"Dassel","0101000020E61000002CE001F7289457C0ECA93F109B8A4640",4,6,0.0007967707831150534
"Clearwater","0101000020E6100000D9807BD5E18257C01CD4254B57B44640",3,6,0.0008057804855485345
"Kilkenny","0101000020E610000091EE77F2BD6457C0AC7743964F284640",3,4,0.0010087204556246173
"Fifty Lakes","0101000020E6100000DBE35EA5BF8557C0CC28C0C27B614740",0,0,0.0003586905171085128
"Red Wing","0101000020E610000052DB2C01A22657C0B2ABD08B724A4640",7,9,0.0007851249953533439
"Ada","0101000020E61000004A9F31F70D2158C012536C1241A64740",0,0,0.0004048742551696184
"Murdock","0101000020E610000072C33D0D36D957C0C541EF67989C4640",2,0,0.0007919552845732099
"Granite Falls","0101000020E61000002B6E7C9A50E357C0C3EAD0B5DD674640",4,12,0.0018327669932266069
"Granite Falls","0101000020E61000004EE1DC6A83E157C06A640A87B2674640",4,12,0.0018327669932266069
"Zumbro Falls","0101000020E6100000C389BC44491B57C08CBA020172244640",5,7,0.0008637967150534484
"Rush City","0101000020E61000008AFD6EDAC93D57C02F6C3DB7FFD74640",2,7,0.0005654079778052199
"Afton","0101000020E6100000A3E0438C513457C047F84D4BBC734640",15,21,0.0020272211240383677
"Baudette","0101000020E610000082243E24F0A557C033C5E76E085B4840",0,0,3.0476526714141253e-05
"Waldorf","0101000020E6100000159FA8C8A46C57C0DC4FFE6A71F74540",7,5,0.0009454489505687517
"Peterson","0101000020E61000001ABC176754F556C07A0C0E4FB7E44540",11,10,0.0007633506692680232
"Ormsby","0101000020E61000007F82DEA29CAC57C0F88FCDBA70EC4540",5,16,0.001652956045003198
"Ormsby","0101000020E61000006C0397BDBFAC57C049F6F5E501ED4540",5,16,0.001652956045003198
"Brownsdale","0101000020E6100000F3570D9B973757C046742454C4DE4540",3,4,0.0007056407920581339
"Courtland","0101000020E610000074C195162C9657C081EA3CE78F224640",2,2,0.0008891602878930408
"Darwin","0101000020E6100000C9E3333E789A57C00F5C6EBE638C4640",5,7,0.0007622109410000233
"Mizpah","0101000020E61000005B1EF91FA48D57C08E71E708DEF54740",0,0,8.388327828495878e-05
"Spicer","0101000020E6100000A7FABF2E31BC57C051E01365C89D4640",2,1,0.0007875060277007903
"Northrop","0101000020E61000004BBE28FCE99B57C00290380835DE4540",1,5,0.0008640887568649293
"Millerville","0101000020E6100000C4FD04569AE357C0F40424AFDA084740",0,0,0.0004447118608997929
"Perley","0101000020E610000093CF11A14B3358C0A8B8445D8A964740",0,0,0.0003303026020016362
"Hibbing","0101000020E61000000F429327B53C57C07368F036F0B24740",0,0,0.0001819275314744877
"Wyoming","0101000020E6100000EB6C2348833E57C0A8DF2BA611AB4640",8,19,0.0015675150092769022
"Minnesota Lake","0101000020E6100000ECCC593F457557C076C6E7E8B8EC4540",6,8,0.0018122504822472303
"Minnesota Lake","0101000020E6100000A2C40FE7F97457C00740AE7F96EB4540",6,8,0.0018122504822472303
"Spring Hill","0101000020E6100000F99BF8083BB557C04B0267FDFAC24640",3,2,0.0006664848543439675
"Taunton","0101000020E6100000DEAFA1B0070458C0C0733E6D104C4640",2,1,0.0006698439822017509
"Quamba","0101000020E6100000494DBB19384B57C0C8D2164A30F54640",0,0,0.0005060787392097441
"Currie","0101000020E61000005FF9B97AACEA57C073627E6C02094640",0,0,0.0005527010975698409
"Mahtomedi","0101000020E61000007FFF85B0D23D57C0193012B2EC874640",52,50,0.0046923177070687175
"Apple Valley","0101000020E6100000724D1174D84C57C078AF5BD5745F4640",31,25,0.003229257684617213
"Saint Paul","0101000020E6100000AE489E6EA74657C0133CC17C51794640",89,73,0.009634402158917902
"Cottonwood","0101000020E6100000E2C5DFEC3CEB57C026F39954724E4640",1,3,0.0008935335314329357
"North Branch","0101000020E61000004F8CE752633D57C0FFA2F3B677C14640",4,14,0.000668181860883156
"Nevis","0101000020E6100000E9527E4BE9B557C089A97239797B4740",0,0,0.00019876787851028435
"Isanti","0101000020E6100000F8BBF4406B4F57C0EA222A4B08BF4640",1,0,0.0010036664638734026
"Zimmerman","0101000020E6100000D282A5CE4A6657C033B1693679B84640",8,18,0.0011558591092531458
"Saint Peter","0101000020E61000005C32ACF1D57D57C04FDA10E1382A4640",9,8,0.0015256341697507901
"Victoria","0101000020E610000027FE3D23226A57C06A517238636E4640",24,23,0.002673110743646808
"Montrose","0101000020E610000072BC8779E77A57C06545361690884640",14,22,0.0016520856976456732
"Mankato","0101000020E610000074E7B8C0737E57C04B36AE48D4154640",17,25,0.004752834974794732
"Mankato","0101000020E61000002666C9C75C7B57C082F317A9CB1E4640",17,25,0.004752834974794732
"Mankato","0101000020E61000009C081C070E8157C03D80D31E1B194640",17,25,0.004752834974794732
"Stillwater","0101000020E610000089B3C8FB353557C0D304BC8B50874640",23,26,0.0025408508538940174
"Skyline","0101000020E6100000378E117B2D8257C002C90459FE114640",8,5,0.0014782102142751248
"Hastings","0101000020E610000047E88AE1A83657C0AAC6C7FA975D4640",22,26,0.0033233624800405176
"Hastings","0101000020E6100000586C3F7C9C3657C01573857062604640",22,26,0.0033233624800405176
"Owatonna","0101000020E6100000EC6F95E5C64E57C004ADAB45AF0B4640",4,4,0.0010392334187942468
"Marble","0101000020E61000000F3B6819D55257C061623DACF4A94740",0,0,0.00026927537705485606
"Floodwood","0101000020E6100000595E058EB33A57C0AA17523952754740",0,0,0.0002069635515957133
"Detroit Lakes","0101000020E61000006B36A79C35F657C01B0A620B50674740",0,0,0.00034731879879142894
"Waverly","0101000020E6100000700F148FED7D57C038A7E0014B884640",9,19,0.0015431420439339493
"Taylors Falls","0101000020E61000001A3817FB852A57C079CF40CBB9B44640",1,3,0.00045748995486930564
"Sauk Rapids","0101000020E610000064E0B474D48957C043843A7080CC4640",6,7,0.0011180836528572314
"Thief River Falls","0101000020E6100000841A6078630B58C00E733FC9350E4840",0,0,0.0003606848286580695
"Swanville","0101000020E61000003C9E11FC4DA957C00B68950D5AF44640",1,3,0.0014120637278078121
"Swanville","0101000020E6100000419FE810D7A857C000BAAEA256F54640",1,3,0.0014120637278078121
"Bertha","0101000020E6100000706E0020F4C357C0D154595730224740",0,0,0.00041039006644408565
"Grey Eagle","0101000020E61000005C90C8A9F1AF57C092DF063E82E94640",3,3,0.0006955734898148845
"Rushford","0101000020E6100000995432173AF056C079A4780216E84540",3,6,0.0007819405376563529
"Vining","0101000020E6100000EEA18AA03DE257C067B7C50A85214740",0,0,0.0003774159964228714
"Ottertail","0101000020E610000007E1D01F15E457C085ACF73A9C364740",0,0,0.00036336439435533113
"Lake City","0101000020E6100000F6E433DE801257C0995676127F3B4640",7,10,0.001159197904035549
"Lake City","0101000020E610000047E1FEE9C11157C06C6E39DD6C384640",7,10,0.001159197904035549
"Crystal","0101000020E61000006A47ECCA085757C01FC64C65D3844640",69,40,0.006545737941067739
"Lake Wilson","0101000020E6100000DB51BF131DFD57C0910C7E946CFF4540",0,0,0.0004595033060027815
"Hill City","0101000020E61000002AC92952356657C07D32A000B37D4740",0,0,0.0002079119340939345
"Hallock","0101000020E610000025A8590E523C58C0D743A65BFB624840",0,0,0.0002532286274988758
"Sedan","0101000020E6100000B1F113EFB0CF57C0415DBC2401CA4640",3,0,0.0005306419140612206
"Olivia","0101000020E610000062140D4FD1BF57C0FF12013474634640",1,0,0.0008886190669850368
"Bethel","0101000020E6100000D117AD23595157C0C5320EE27EB34640",10,21,0.0014471852900374833
"Wrenshall","0101000020E61000001C17D214951857C0B60EF3A7924F4740",0,0,0.00027659670124679115
"Nowthen","0101000020E61000002B38C83BC55C57C0346BB8E7C8AB4640",7,9,0.001668152124676153
"Lengby","0101000020E61000003DC383979CE857C06F4B22D1F6C14740",0,0,0.0002767779406289053
"Osseo","0101000020E61000008FF9E1108E5957C0BFDED0B4168F4640",39,45,0.005002468716139806
"Stewart","0101000020E610000048B3F514289F57C0A79700289C5C4640",3,7,0.0007973763268646059
"Ham Lake","0101000020E6100000AA122C610C4D57C0064DAE6294A04640",26,31,0.0026600276921581968
"Alpha","0101000020E610000053861290BFB757C085F1A7E59CD14540",1,0,0.0004793350277240178
"Elba","0101000020E61000003AB1DC1E280157C0FE25C3910F0B4640",4,2,0.000855527314302956
"Avon","0101000020E6100000AAFCB54B819D57C005B5419416CE4640",7,0,0.0008562133224231491
"Halma","0101000020E61000009E70D61E392658C052E547387A544840",0,0,0.00022807869164196207
"Breckenridge","0101000020E610000036E85BFE6B2558C012B7B4E109224740",0,0,0.00039673789984807575
"Fosston","0101000020E61000006DD26D6382F057C0DF702DF6F9CA4740",0,0,0.0003155188008741719
"Lewiston","0101000020E61000001B8E12DFA5F756C0FFF544F7BDFD4540",3,6,0.0006883258068158282
"Oronoco","0101000020E6100000402FD5FF8E2257C0E6A650BB6E144640",5,10,0.0010165597479880758
"Jackson","0101000020E61000003503EE4F4EBF57C083AA742E18D04540",0,0,0.00043611718122488154
"Lyle","0101000020E6100000D05D3E393D3C57C08B7EB887BFC04540",3,1,0.0004540109650437332
"Lakefield","0101000020E6100000FDC235BFD8CA57C0EF0A9DBCC8D64540",0,0,0.0004301582308108625
"Blue Earth","0101000020E61000006270EBBC6D8657C09EF8BAE508D24540",1,1,0.0007233484292344637
"Wadena","0101000020E6100000A8FBBB5E39C857C006675DBDEE384740",0,0,0.0007932359821040991
"Wadena","0101000020E6100000946B89F835CA57C0FE91A18991384740",0,0,0.0007932359821040991
"Raymond","0101000020E6100000FF80072921CF57C042922FA359824640",3,5,0.0015758562710817116
"Raymond","0101000020E6100000A13A3908EACF57C055A4DFAB39834640",3,5,0.0015758562710817116
"Ghent","0101000020E61000009018005A1EF957C06628E3F77B414640",1,0,0.0008113811256572576
"Cromwell","0101000020E6100000C01B592EE03757C0B6A585C5F9564740",0,0,0.00019929681214407704
"Garfield","0101000020E610000073B54922A6DF57C0D35265612AF84640",0,0,0.00019351666132552963
"Kiester","0101000020E6100000A723D258846D57C02651F475ABC44540",0,0,0.0005820548681318382
"Saint Marys Point","0101000020E6100000C56DFBC34C3157C046BFCD8ED8744640",23,22,0.00254536670980275
"Ellendale","0101000020E61000003B6A3C51285357C0150A294BB5EF4540",0,0,0.0007812289745534278
"Twin Lakes","0101000020E610000098DF481B1B5B57C08ADFF06BCCC74540",2,0,0.000563824764332994
"Felton","0101000020E6100000338771075F2058C071AA32F596894740",0,0,0.00037552271469716277
"Fairfax","0101000020E61000000FD67C5748AE57C006CEA7D7A0434640",7,11,0.0008853253819018674
"Villard","0101000020E61000002487D75535D157C08408511E5ADB4640",1,2,0.00023806209659252997
"Bejou","0101000020E61000004EFD2B1F41FE57C00947A2A3B1B84740",0,0,0.00029009454804593656
"Bruno","0101000020E610000024E1C4EFC12A57C0764C8408F8234740",1,1,0.0003726163715920164
"Clontarf","0101000020E6100000299D8DA852EB57C0206C1FAF3FB04640",1,0,0.0006300928819003706
"Williams","0101000020E61000006175FEE902BD57C098C25C424C624840",0,0,7.233072955106166e-05
"Wendell","0101000020E61000004B54D5C5730658C048E28A9C98044740",0,0,0.0004632122138536693
"Lake Bronson","0101000020E6100000610F3267802A58C01289FE80B95D4840",0,0,0.0002609082790160724
"Genola","0101000020E6100000411A03E4388757C03EF336049AFB4640",1,3,0.0007226507616971172
"Iron Junction","0101000020E61000001C8D218EF52657C0B37983599DB54740",0,0,0.00020364572323504308
"Nashwauk","0101000020E610000097C6EABCA84A57C0309A677DB1B04740",0,0,0.00017939000335703357
"Lilydale","0101000020E61000006E62C230584857C0B7C907CA6E744640",43,30,0.004507032136191101
"Beltrami","0101000020E6100000BE825C09BB2158C0573C986B71C54740",0,0,0.00038794970197305776
"Butterfield","0101000020E61000001CA18485CFB257C0E65071B2ACFA4540",7,3,0.000930366336043015
"Kennedy","0101000020E6100000383E3D1C493A58C0FAC85DAA6A524840",0,0,0.0002634909206029536
"Moorhead","0101000020E6100000C8380523BD2F58C000984999086F4740",0,0,0.0005777790044559591
"Becker","0101000020E6100000CE6CD37A157857C0D75751580CB14640",5,2,0.0008293885017555915
"Crosslake","0101000020E6100000EEBBAD58008657C0B77EC0E35C564740",0,0,0.0004061779255190055
"Albany","0101000020E6100000CD5CB82C54A457C098AFCB7D69D04640",4,6,0.0008711415036279746
"Saint Martin","0101000020E610000017B5D6BEBAAA57C084A860315BC04640",1,3,0.0007224349504907829
"Vernon Center","0101000020E6100000AA55F39BA98A57C0BB677D3242FB4540",4,5,0.0009513678882495857
"Silver Lake","0101000020E6100000906EE210B28C57C0D7B2D86FBC734640",5,10,0.0009078879619315124
"New Richland","0101000020E6100000DC7A2D9D9C5F57C0D8DC560A6AF24540",5,4,0.0008723755938443372
"Rockford","0101000020E6100000CC377110976E57C07CF983862D8B4640",38,47,0.004825191207543134
"Rockford","0101000020E610000001968C5FD66F57C0F1F04AB6D68B4640",38,47,0.004825191207543134
"Trosky","0101000020E61000007873D48C0F1058C0BE6F3BAEB6F14540",0,0,0.00036149890452227585
"Florence","0101000020E61000002B29B9F7500358C0D0E2C8F45C1E4640",4,1,0.0004945818312792661
"Longville","0101000020E61000006750B819958D57C05C5465B16A7E4740",0,0,0.000254571876051724
"Mendota","0101000020E6100000D0B15937424A57C025737A6490714640",26,45,0.004485905374136948
"Odin","0101000020E61000003815F4A089AF57C038EB905C02EF4540",3,3,0.0008860663354501492
"Centerville","0101000020E6100000A3317D65754357C049004AAEFE944640",28,31,0.0031492510181906205
"Bayport","0101000020E610000021FDE6B91B3257C000570B9722824640",20,21,0.002265853319843046
"Funkley","0101000020E61000007D1B1AB14C9B57C007BC2AA496E44740",0,0,0.00010994040461868072
"Tamarack","0101000020E6100000CB34DC53004857C0F7CECBFA93534740",0,0,0.00020299001695446047
"Cleveland","0101000020E6100000518C6289747557C078EE4CA96B294640",5,4,0.0012218925793813992
"Saint Vincent","0101000020E61000001EE3064E7B4E58C06EA087FF137C4840",0,0,0.0001036727578405042
"Federal Dam","0101000020E6100000F887CA2C058E57C09239C446CF9E4740",0,0,0.00020390220300900894
"Goodridge","0101000020E6100000109F2A6672F357C0294E816B74124840",0,0,0.00022038628664092227
"Sunfish Lake","0101000020E61000003DEABD37084657C0CAD7BFEFA66F4640",43,37,0.003700571856294007
"Clements","0101000020E610000020B2F42081C357C00B9CFA49A6304640",6,2,0.0009687554650882232
"Boy River","0101000020E6100000E8DFE268E48757C0A1CF727A5E954740",0,0,0.0002238304507685671
"Sanborn","0101000020E6100000395578D04CC857C01D8D7A80D81A4640",2,1,0.0007751069521272019
"Staples","0101000020E6100000B7F7AF457BB357C0E9693A5861304740",0,0,0.0008962402774905714
"Staples","0101000020E61000000F1AE1CE23B357C0B31A7182F42D4740",0,0,0.0008962402774905714
"New Hope","0101000020E610000003845818C25857C048618970CD844640",61,56,0.006175063155862994
"Minneiska","0101000020E61000002DF82A65AAF756C0F65E0B0F7E184640",12,11,0.0015162073583369902
"Minneiska","0101000020E6100000B9CEAB482DF856C01E0BD46B82194640",12,11,0.0015162073583369902
"Motley","0101000020E6100000ACF3C43B69A857C045D33C3BA02B4740",3,2,0.0009547846304791181
"Motley","0101000020E61000005EA2A2F038A957C0D7A384E5BC2A4740",3,2,0.0009547846304791181
"Trommald","0101000020E61000006A3320EAFE8057C0F5F82523BA404740",0,0,0.0005231041928672414
"Eyota","0101000020E61000000AF29E29DC0E57C00623FD0F81FE4540",3,5,0.0006712196651546223
"Madison","0101000020E6100000DD777B151F0C58C0B1CAB051C3814640",1,7,0.0006373980731764587
"Mendota Heights","0101000020E61000006634F44DFB4857C09C9ED962D6704640",44,36,0.004525980014402535
"Minneapolis","0101000020E6100000340567FF225157C03D300334567B4640",118,122,0.013137952004166682
"Glenville","0101000020E61000007DA82550ED5157C0E0BC44995FC94540",1,3,0.0005905546630267638
"Saint Augusta","0101000020E61000005D9F1F54C58C57C08387CEA88FB94640",4,10,0.0006976742158320015
"South Saint Paul","0101000020E6100000811F2C0BA04257C00E24AEB19F714640",41,41,0.004064721976402045
"Hermantown","0101000020E61000009816E9D8660F57C024A997B823674740",0,0,0.00021980335127157446
"Oakdale","0101000020E61000009BC03449B33D57C097A7D88F6A7E4640",26,36,0.0035618041523576985
"New Munich","0101000020E6100000B42E3CEA28B057C0C322EB30BCD04640",2,4,0.0008206447526461328
"Brooklyn Park","0101000020E6100000F475DB246C5657C0A864FDD33C8E4640",56,60,0.006841282396013357
"Appleton","0101000020E6100000B40CA66C7B0158C030CB04838F994640",1,1,0.0007396862672982627
"Dakota","0101000020E61000001EEB659F1AD756C0F7E76ADEBAF44540",9,4,0.0005847076667676243
"Delano","0101000020E610000053A359CFBF7257C05A395C0BE5844640",26,20,0.0022209220230940937
"Clarkfield","0101000020E61000004849A742B2F357C0A14103172D654640",3,0,0.000768548801456461
"Gaylord","0101000020E61000003E21D6D9A38D57C0FAB80EDC24474640",4,6,0.0009062171131569976
"Eden Prairie","0101000020E6100000B963E668695D57C0302052D5A56C4640",37,43,0.0045023373937403645
"Glenwood","0101000020E61000005FF28B225DD757C092B8263F7BD34640",2,0,0.0002578551030180504
"Big Lake","0101000020E61000003D1779FF976F57C06C3FD1F4BAAB4640",12,11,0.0011106800069443222
"Brooten","0101000020E6100000ED8F49847DC857C0C0738CCBB9C04640",3,5,0.0011669107662338036
"Brooten","0101000020E61000000165DCE569C757C0BA14444206C04640",3,5,0.0011669107662338036
"Braham","0101000020E610000024A0A05AF74A57C0EC7123565EDC4640",3,6,0.0011963567450763363
"Braham","0101000020E61000003B42510D324B57C0D7A7C979B9DD4640",3,6,0.0011963567450763363
"Luverne","0101000020E6100000FA63195DB50D58C0FAD5ECD9A6D34540",1,1,0.0003858191324135032
"Taconite","0101000020E610000073E01E670C5857C0513CEF616FAA4740",0,0,0.00024473794900809197
"Cold Spring","0101000020E6100000E4659A4C759B57C05D57D3DEA1BA4640",4,0,0.0007554453834364491
"Worthington","0101000020E6100000750B5F9C5BE657C0E393759560D04540",0,0,0.0004114973595128634
"Rogers","0101000020E61000002C915FB7036557C011251683E0974640",27,26,0.003150335300530759
"Boyd","0101000020E6100000743F9C44ABF957C06E8B643CF66C4640",7,4,0.0007486799672711957
"Belgrade","0101000020E6100000A208E97EFCBF57C027CB58B0AFB94640",0,0,0.0006595167910578193
"Westport","0101000020E6100000F2086C05C1CA57C09131D88A76DB4640",1,3,0.000563291268191786
"Verndale","0101000020E610000097E3A847C7C057C0E3733929CC324740",1,0,0.0004221765527630198
"Whalan","0101000020E6100000C0840B5221FB56C0802504E0F3DD4540",4,9,0.0007933186273708609
"Dent","0101000020E610000050823E74FDED57C04705B7AFBC464740",0,0,0.0003867276627707208
"Littlefork","0101000020E61000000078FF94B56357C0D6CBDB58BD324840",0,0,4.3927121668787134e-05
"Sargeant","0101000020E6100000AE5AD4563E3357C055D1BD3D20E74540",1,6,0.0005619071682584431
"Silver Bay","0101000020E610000064E5A2DDC2D156C0A9E6304E89A54740",0,0,8.871505673868745e-05
"Wanda","0101000020E610000010A73773A2CD57C02912833C4F284640",4,3,0.000980490108456877
"Ortonville","0101000020E61000005C936223441C58C0140677149EA64640",2,2,0.0004836902052114033
"Tonka Bay","0101000020E61000008D8F1A05BC6557C0B1D0F2CA25754640",48,43,0.00452257986565869
"Upsala","0101000020E6100000B7AB9BA24FA457C0CDF79E20AEE74640",4,3,0.0007433807964500807
"Russell","0101000020E61000003880A6BFA2FC57C0360A9576F1284640",0,0,0.0005440942168736925
"Montevideo","0101000020E6100000AFFC8F59C7ED57C05E9E9DA1A7794640",4,4,0.000867042513908961
"Revere","0101000020E61000005AEE135D1DD757C0D2CCAC0A5C1C4640",1,1,0.0009055553720448706
"Stephen","0101000020E6100000B102CE9C1B3858C0B6B7A986E5394840",0,0,0.00026936914919773656
"Kinney","0101000020E610000004D41DF93F2E57C0238FC99C23C24740",0,0,0.00017571330190761824
"Wolf Lake","0101000020E6100000C45D141E91D657C04FD8DF2440674740",0,0,0.00020448576177278105
"Correll","0101000020E61000001F59374A670A58C0FBBA8D55AE9D4640",1,0,0.0006661784928504592
"Jeffers","0101000020E61000002037192180CC57C0A5EB42DB27074640",2,3,0.0006422675760877686
"Erskine","0101000020E61000004D224D96E80058C06493C77228D54740",0,0,0.00033488095866172565
"Ashby","0101000020E61000003F9DBA2D31F457C02B6E632AEB0B4740",0,0,0.0005051350059637219
"Bigfork","0101000020E6100000006D24E1B86957C0D162423F9FDF4740",0,0,0.00011819306025659343
"Center City","0101000020E61000006DE492121A3457C04A60B5907AB24640",6,15,0.0009695621212450208
"Duluth","0101000020E61000007A48FA95EC0857C0AE5E66AC4A634740",0,0,0.00031826724286777223
"Bovey","0101000020E61000005D172ED0D75957C05944C0E5E3A54740",0,0,0.00027101471703435434
"Warren","0101000020E6100000BBBCFF3E413158C0B4F1E3FB17194840",0,0,0.000297454608105051
"Cannon Falls","0101000020E6100000B5417AD5CE3957C0604FB4039D414640",13,7,0.0009823263411711134
"Morris","0101000020E6100000ADAC00CDE4F957C0344F206CF7CA4640",0,0,0.00059293508689251
"Strathcona","0101000020E6100000F8AF2007B30A58C04F885082E0464840",0,0,0.00018706637768398045
"Deerwood","0101000020E610000086E361B9997957C02C1866117D3C4740",0,0,0.0004420630534377002
"Falcon Heights","0101000020E6100000E2599749554B57C0733F0598B67E4640",46,44,0.004645052707888661
"Erhard","0101000020E6100000DD5995DB2C0658C05CB1D40DE63D4740",0,0,0.0003482267727552711
"Lauderdale","0101000020E6100000E0E861E3F84C57C0B097CE34427F4640",39,34,0.004887800094278658
"Denham","0101000020E610000052A4349F413C57C0AD9C33084C2E4740",2,0,0.00040274705062208135
"Wood Lake","0101000020E6100000ACA17B3B4BE257C09083AE475E534640",0,0,0.0009095497135547744
"Emily","0101000020E6100000C5A2E469DB7D57C0CCF6191F4D614740",0,0,0.00031174209802259573
"Kettle River","0101000020E6100000714F16582A3857C0F4547E813D3E4740",0,0,0.00038273251517065033
"Ihlen","0101000020E610000021519559AF1758C0A80FC8919EF44540",1,2,0.0003202658140135399
"Vesta","0101000020E610000058FFD15DA9DA57C0B545F446FE404640",4,2,0.001080886529014493
"Pemberton","0101000020E61000006E59382D287257C02C5AD5F311014640",5,1,0.0010698819829634987
"Starbuck","0101000020E61000009EBD5F9415E257C04730E08452CE4640",0,0,0.0006437369759203314
"Conger","0101000020E61000001E9540C1C36157C0090C9758C0CE4540",2,1,0.0007036083656701447
"Leonard","0101000020E6100000B7061A2E32D157C01A59B1D3ABD34740",0,0,0.00019085217751456198
"Paynesville","0101000020E6100000AB52C4DE2FAE57C0EF98E92170B04640",8,6,0.0007950380137100016
"Kerrick","0101000020E6100000775144E8652557C00E2AA9EF552B4740",0,0,0.000318685155434081
"Walters","0101000020E610000020D923A6186B57C0B131FC1567CD4540",4,3,0.0006574552735482902
"Climax","0101000020E6100000AC0A585D023458C0D12C8E33F0CD4740",0,0,0.00035933120051773843
"Maynard","0101000020E61000003EBC4964FFDD57C06FA7868FED734640",3,6,0.0008599094080837021
"Richmond","0101000020E6100000D013A6DEE3A057C031C30CAD39BA4640",7,2,0.0008541535832897583
"Shelly","0101000020E610000057005FCF733458C061D6BE92A3BA4740",0,0,0.00036992669273999587
"Dundas","0101000020E61000003A8C7B20124D57C0B8F312F8BF364640",11,13,0.001199869146955109
"Willow River","0101000020E61000002A872500643557C0F2E5973605294740",2,2,0.0005059317705750317
"Breezy Point","0101000020E6100000025EBDB0F48D57C00F98F5A2D74D4740",1,0,0.000448619452119794
"Kimball","0101000020E6100000ABA36F4D409357C09E1CC95B3BA84640",3,3,0.0006364472031541477
"New York Mills","0101000020E6100000516E55FDE5D757C025B8652183424740",0,0,0.0003522643318770552
"Milan","0101000020E610000000A1E5A27DFA57C04DEF0A7E3F8E4640",1,0,0.000714414164312841
"Bird Island","0101000020E61000005F79B1C527B957C0772F9B530A624640",1,3,0.0008355093889947085
"Vadnais Heights","0101000020E610000045E8CF26C84457C0FFF7FB6D4C874640",48,43,0.00448357948281785
"Dunnell","0101000020E6100000FCA253839CB157C0C08E38AFBDC74540",0,0,0.0004977385607565975
"Avoca","0101000020E6100000DDB44E274FE957C0FC8DA90984F94540",1,0,0.0005025522225446784
"Grygla","0101000020E6100000F9C1C9FFCAE757C020B6AAC992264840",0,0,0.00013421835275240047
"New Auburn","0101000020E6100000D5B69889D98E57C021167CFA1E564640",4,6,0.0008885370385711513
"Greenfield","0101000020E61000009D31168F0E6C57C0F299F8E0C28C4640",29,24,0.0025162031290762387
"Lakeland","0101000020E61000004E8E9BB3463157C062280F059E794640",28,32,0.002821981913098834
"Redwood Falls","0101000020E6100000A75F18C54CC557C0E91063CEF0484640",11,13,0.0019372137445080144
"Redwood Falls","0101000020E6100000D3D2FC0378C657C0892E2A7CCA454640",11,13,0.0019372137445080144
"Eagan","0101000020E6100000F73BFA5B7D4A57C0396330D591684640",33,42,0.004313629321491967
"Crookston","0101000020E6100000505D55D0CF2658C0DA94D27F29E34740",0,0,0.00041111390911860977
"Minnetonka Beach","0101000020E6100000F2371032B46557C0155529843E784640",36,34,0.004004920422085116
"Dellwood","0101000020E610000063C039CBE53D57C045A6EC5C9E8C4640",35,37,0.003103440543246529
"Lakeland Shores","0101000020E6100000608B6634B93057C0D6C32E5F55794640",23,34,0.0028412139552853417
"Cottage Grove","0101000020E610000098F47577523B57C04F2BACE775684640",32,31,0.00259189507825828
"Minnetrista","0101000020E6100000CBC4FED8646D57C07CA1989CBC774640",37,30,0.0027042420471826583
"Hokah","0101000020E6100000D4BC2D2956D656C02507FB213CE14540",4,8,0.0005790912621738063
"Marine on Saint Croix","0101000020E610000071357A5CEA3157C087BE3F0955994640",13,12,0.0012378292616936977
"Brownsville","0101000020E6100000069A4EE710D256C08DF8200282D94540",4,1,0.0004384592522946367
"Big Falls","0101000020E610000062FBA699CA7357C0CB514DA3FD164840",0,0,4.528310772462202e-05
"Edina","0101000020E61000007291D69E0D5757C0273E9D3919724640",43,45,0.00519105510690568
"Independence","0101000020E6100000DE7BDD5E4A6D57C00BB4C858CC824640",26,35,0.0025186522924866774
"Alexandria","0101000020E61000008801252DEAD757C042CC9FF7F1F04640",1,0,0.0002904585158608537
"Wayzata","0101000020E610000039D07ABFDD6057C006E1804D417C4640",42,39,0.004319308087604313
"Carlton","0101000020E610000008C444DC161A57C00FD976ADDE544740",0,0,0.0003066232764747743
"Little Falls","0101000020E61000005AA0A447F69657C0FC27472E2EFE4640",1,4,0.0007253074187720788
"Austin","0101000020E61000000811E752933E57C00EF7ECA807D64540",4,5,0.0009598628423628244
"Farmington","0101000020E61000002A9DD9E0AA4A57C0EB882F7111544640",18,17,0.001904964420893163
"Oak Park Heights","0101000020E6100000E8A2D988D03357C0715C774327844640",18,25,0.0024223023207331413
"Willmar","0101000020E6100000C908699FA6C357C0E83F5D33938F4640",4,2,0.0009075861330400082
"Hamburg","0101000020E610000090BAA78EB87D57C068FB9BACCD5D4640",10,13,0.0012790817353811538
"Holland","0101000020E61000002C4A4D79720C58C080FDAD357B0B4640",0,0,0.00032746180382842675
"Lynd","0101000020E6100000126832926BF857C0417EACDACA324640",3,4,0.0006914896577827583
"Delavan","0101000020E6100000F63CC2E91C8157C05046955B43E24540",2,1,0.0007992221135585906
"Wolverton","0101000020E6100000ED5270601D2F58C04E39D5BF11484740",0,0,0.00033053758899449423
"Park Rapids","0101000020E6100000539E6ABBACC357C0852A41B452754740",0,0,0.0002359044636544051
"Aldrich","0101000020E6100000B81A73E420BC57C0FDFF15D8F52F4740",0,0,0.00045005756796219525
"Scanlon","0101000020E610000056DA70E7821B57C05F6ABCB26F5A4740",0,0,0.00031425636519605635
"Porter","0101000020E610000052B7F98CBE0A58C05B33617546524640",0,0,0.0005277923022190491
"Tintah","0101000020E610000055DA4B497C1458C0D0C1654262014740",0,0,0.0005132619527489846
"Randolph","0101000020E61000000ED38122454157C0BBA3F8FE54434640",5,8,0.0012254472261537246
"Cass Lake","0101000020E61000008C765BCC5BA657C0FEDB7A6B8CB04740",0,0,0.00016604965225040094
"Palisade","0101000020E6100000282DAAE7505F57C00D2C9D5B2E5B4740",1,0,0.00024458755527819684
"Mapleview","0101000020E6100000D1C47064573E57C077AD128950D84540",2,0,0.0008530876763906758
"Lancaster","0101000020E610000033723BA9523358C08D80BD14CB6D4840",0,0,0.00021471135283542816
"Balaton","0101000020E6100000410D0470BAF757C04034D1A1D41D4640",3,1,0.0005600280519989159
"Holloway","0101000020E6100000A52F714024FA57C089D153353E9F4640",1,2,0.0006797700144552124
"Pipestone","0101000020E6100000CF0159FBF51358C0931E29E07AFF4540",0,0,0.0002811617717251044
"Jasper","0101000020E61000003EA04BBD6D1958C0DE9F27E328ED4540",1,1,0.0005585607896461553
"Jasper","0101000020E610000089008941C11958C00A79FC5A3AEC4540",1,1,0.0005585607896461553
"Biscay","0101000020E6100000B6C5936F889157C0137FC255C5694640",2,1,0.0008591801856644677
"Lamberton","0101000020E6100000864F9E221DD157C098552252851D4640",4,5,0.0008573296103524102
"Elysian","0101000020E6100000CF73571C4A6B57C0939B494F791A4640",4,10,0.0020815647808583083
"Elysian","0101000020E6100000D1E0807C586B57C099879F8BF5184640",4,10,0.0020815647808583083
"Elgin","0101000020E6100000BE2C432DD80F57C0A4B6F29218104640",5,8,0.0007430347927910627
"Rose Creek","0101000020E6100000B62174940E3557C0DCAA21CC5FCD4540",4,4,0.000580049035219584
"New Germany","0101000020E61000008C2EA212447E57C0AA6364976B714640",8,12,0.0013287105041034206
"Hewitt","0101000020E6100000777129B6C8C557C0419AB23B98294740",0,0,0.00041119276460688774
"Spring Park","0101000020E6100000DF899CBE7E6857C0A2E838AECF774640",29,47,0.0035966114590670283
"Elk River","0101000020E61000009FADCDD9486457C01F033A7B69AA4640",17,17,0.0019595028061980295
"Birchwood Village","0101000020E6100000BE575DAE913E57C0AC1F2B2BA5874640",42,48,0.005116656948185894
"Hancock","0101000020E61000008F569CB1E0F257C062824DCCB6BF4640",0,0,0.0005899382335090921
"Alden","0101000020E61000007033E210B36457C0AF10F393B2D54540",1,0,0.0007507702271298413
"Hardwick","0101000020E6100000E95392E3A20C58C029123C2118E34540",0,0,0.00035100414424329345
"Hatfield","0101000020E610000048E03733590C58C08739B28B1CFA4540",1,0,0.0003410798306961794
"Dumont","0101000020E6100000B190F00D141B58C075109201D3DB4640",0,0,0.0004980424570617412
"Effie","0101000020E61000000B6D124BD46857C05D2D46DAAEEB4740",0,0,9.363012661575728e-05
"Virginia","0101000020E6100000B63F3CF4D02057C024B7284329C24740",0,0,0.00020502161249330803
"Tenstrike","0101000020E6100000C304CCD6CBAB57C023447ABF85D44740",0,0,0.00015469074622997657
"Newport","0101000020E6100000DA35E469D73F57C0795D16C8EA6F4640",34,28,0.0034134659374192348
"Freeport","0101000020E61000006E85F3EB14AC57C012804E63D0D44640",2,3,0.0007978168067116546
"Atwater","0101000020E61000000B88B937B5B157C03F34D2B35F914640",3,8,0.000766683114817588
"Gonvick","0101000020E6100000BD8C8677CDE057C0489E39C0A1DE4740",0,0,0.00027120317629055423
"Shevlin","0101000020E61000000FA597209CD057C046EBF50ADCC34740",0,0,0.0002157569611540534
"Kenneth","0101000020E6100000A4D70C78A40458C05DFDD65B8DE04540",0,0,0.0003854613169697139
"Kinbrae","0101000020E6100000305D8A17DEDE57C0B350AB84CCE94540",0,0,0.0005365794830351154
"La Salle","0101000020E610000074F0B31F90A457C04E0425AB17094640",1,1,0.0009327954548553077
"New London","0101000020E61000001CA74DFFB3BC57C02AB3F6AF14A64640",4,2,0.0007086337934297762
"Fridley","0101000020E6100000C43638FC955057C04B1DC59DBC8A4640",58,56,0.0059707228374409884
"Dayton","0101000020E61000008D423F6D715E57C06E915F2864984640",57,58,0.006207373633774701
"Dayton","0101000020E6100000FA0A35DF206157C0CBAC6EA4C19E4640",57,58,0.006207373633774701
"Fisher","0101000020E61000008A50B7972A3358C0E2D9038E4BE64740",0,0,0.0002832087082351981
"Ogema","0101000020E610000021106CDB31FB57C03B0713452D8D4740",0,0,0.00026872306662611343
"Hector","0101000020E6100000A1B7EB4292AD57C0B65E1BADE15E4640",5,6,0.0008082471704316641
"Mounds View","0101000020E61000002F54280A4C4D57C0652A31CAB68D4640",53,49,0.005618863798419903
"Remer","0101000020E6100000BC7AFA7A677A57C009C920DE47874740",0,0,0.00021444859343298472
"Wanamingo","0101000020E61000000C79BAB8623257C0F8F39E68BF264640",7,6,0.0008244096660728267
"Otsego","0101000020E6100000661663EBAC6757C0DC6B31F30BA24640",22,16,0.0024064303962297758
"Le Roy","0101000020E61000001873B68B842057C0A8D8C6CCB6C14540",2,2,0.0004719253256754389
"Lowry","0101000020E6100000E64F4F8639E157C0A458D2283CDA4640",0,0,0.00024122347275521526
"Mentor","0101000020E6100000327D3F8D380958C039F18D5F36D94740",0,0,0.0002984608744198948
"Good Thunder","0101000020E61000004AA345EA7F8457C02EB123EDDD004640",5,4,0.001057624664392579
"Nisswa","0101000020E6100000E17ABB4DF99257C00F14DE8134404740",1,1,0.0005044804519257997
"North Oaks","0101000020E610000083F6D1C2A34557C048B421B7D28C4640",46,43,0.0038652330458082682
"Oak Grove","0101000020E61000004FD01FA2E45457C07ACBC3F3A3AB4640",16,14,0.001893504898379929
"Ramsey","0101000020E61000007CF978CEC15C57C09F6FC3A282A14640",19,25,0.002805470583459733
"Chisholm","0101000020E61000009F0ACEA73D3857C02AD170996CBE4740",0,0,0.00017189536188706012
"Green Isle","0101000020E6100000C6115DD7548057C0ACFBD4DB15574640",2,10,0.0006208017797054821
"Keewatin","0101000020E6100000D30BDCDA4B4557C026B11FEF45B34740",0,0,0.00016746057865353787
"Ruthton","0101000020E6100000D732A8949F0658C03733405EBB164640",0,0,0.0004242218563532923
"Carlos","0101000020E61000007FB71A0FB6D257C0E5DABFC19BFC4640",0,0,0.00024793765966521047
"Heidelberg","0101000020E6100000F85ECCD3176857C017053DBA1E3F4640",4,6,0.0009737662269127719
"Rollingstone","0101000020E6100000367EABE466F456C036313FE5B90C4640",5,5,0.0009883863170057974
"Benson","0101000020E6100000E49AC6D3C4E657C0C1479DAC59A84640",3,6,0.0007978666185360778
"Kerkhoven","0101000020E6100000EE65D4737CD457C0B6E4833EA1984640",2,1,0.0008329184677996341
"Empire","0101000020E61000003A3F32D6AB4557C040C535309E564640",16,21,0.0016862053646654696
"Northome","0101000020E610000066ECCA1C1F9157C0AAF0477BF8EF4740",0,0,0.00010308213607443713
"Bena","0101000020E6100000141D19472F8D57C034C2149795AB4740",0,0,0.0001892328163372479
"Medicine Lake","0101000020E6100000AEAF46F3DE5A57C02CB626C8BC7F4640",65,35,0.004666560009634681
"Forada","0101000020E61000004E4C0120D4D657C00E98BD03EBE44640",0,0,0.0002079842209014334
"Welcome","0101000020E61000004C595BD0DEA657C08BDB3CF347D54540",3,1,0.0006436490291348027
"Lake Elmo","0101000020E6100000AF1604F0CB3957C0A1C89464447F4640",21,27,0.002796339918997253
"Clear Lake","0101000020E61000005D1B8E98E97F57C0F50F6ABE22B94640",5,6,0.0007414680358696711
"Elko New Market","0101000020E610000012058E38685557C0D624241D95484640",18,10,0.0011748387755236784
"Dilworth","0101000020E6100000B92D9FC8B22C58C08D2723C092704740",0,0,0.0005210484728676722
"Cuyuna","0101000020E6100000A650F3BA3D7B57C0BE34E9CE7E414740",0,0,0.00047110658464000947
"Monticello","0101000020E6100000719C4E5F2B7357C0CEB940D52CA64640",5,6,0.0011709947082272024
"Blackduck","0101000020E6100000CB10CE9BC2A357C046AA03D1AADD4740",0,0,0.00012580188902644712
"Finlayson","0101000020E61000008E89B9B9593B57C0C39E4CF2491A4740",0,0,0.0004375503178653566
"North Mankato","0101000020E610000032A565197B8257C0034EA1C23F174640",18,25,0.0034033660232095603
"North Mankato","0101000020E61000002DBFCFFD298157C0ACAC7F317D174640",18,25,0.0034033660232095603
"Wahkon","0101000020E61000008DF7AFDB6D6157C0DE1A89616F0F4740",0,0,0.0004068370217130364
"Sandstone","0101000020E610000054BC345C523757C00E1495748A104740",0,0,0.00042659637768209643
"Hillman","0101000020E610000066552543E07857C07845553CCF004740",0,0,0.0004310081175666389
"Donnelly","0101000020E610000011101E6BEC0058C0C360646944D84640",1,2,0.000577752776368356
"Watkins","0101000020E6100000ECC504DE609A57C0DE692C7C5AA84640",3,3,0.0007016601331098953
"Wilmont","0101000020E6100000000687BCEBF457C0A6C9F97AF5E14540",0,0,0.00033478802569208895
"Truman","0101000020E6100000F7A9A05BF19B57C09A97ABDAF6E94540",2,3,0.000871816454839055
"Le Sueur","0101000020E61000003C94CB14907A57C088E3CE2E273D4640",8,14,0.001386543155322959
"Le Sueur","0101000020E6100000F53AFDEEB37957C0A58BCA41083C4640",8,14,0.001386543155322959
"Regal","0101000020E61000008C8C3A5ABCB557C0D6F774BDE3B34640",6,3,0.0006642310801974526
"Beardsley","0101000020E6100000EF4740E2B12D58C0613F06A561C74640",0,0,0.0003182248618570785
"South Haven","0101000020E61000006FA67C83E98D57C079A1A57B78A54640",5,8,0.0006493446081152357
"Pierz","0101000020E6100000FA61061F818657C0EECB68712CFD4640",3,3,0.00074527962850554
"Racine","0101000020E6100000045BDE3FC81E57C007D54F2945E34540",3,2,0.0006394482282737785
"Leonidas","0101000020E6100000C24366F2582457C0644D3E61E9BB4740",0,0,0.00026121725932225784
"Ellsworth","0101000020E610000031C930CA290158C0126B30209FC24540",1,2,0.00030707278766626764
"Dovray","0101000020E6100000B99609F40CE357C08DF3B80CFB064640",0,0,0.0005599484493165723
"Willernie","0101000020E61000005E0559003F3D57C0076B0251E8864640",48,38,0.004321331813399668
"Iona","0101000020E6100000B8C1302D1FF257C06CA8E45A32F54540",2,1,0.0004219305509847648
"Bellechester","0101000020E6100000D2404911B92057C0A59A1114062F4640",10,15,0.0013702008475794108
"Bellechester","0101000020E6100000DD38669AB92057C09051C9899B2F4640",10,15,0.0013702008475794108
"Bock","0101000020E610000023DBE813616357C0722FED9469E44640",2,0,0.0005649255742436191
"Audubon","0101000020E61000009996CFA9F7FE57C03F91FD04AA6E4740",0,0,0.0002950906572507653
"Roscoe","0101000020E6100000E81D439FBDA857C0E0B9505F58B74640",2,0,0.0007394555937646208
"Underwood","0101000020E61000006A1D9F45D3F757C0BBA7B149BC244740",0,0,0.0004613101157763956
"Houston","0101000020E61000007E7081AE84E456C06C269C9610E14540",2,2,0.000619861253587841
"Spring Valley","0101000020E610000031F2418CF01857C06952C5E32AD84540",0,0,0.0006151361249401353
"Saint Clair","0101000020E610000009315B9E117757C0E392593BBA0A4640",9,8,0.0011952323821355908
"Hendricks","0101000020E61000000B8E674E691B58C03BD0CA5BF7404640",0,0,0.0002009645446417996
"Jenkins","0101000020E6100000BD2A90BA1C9557C0462859CC8E534740",0,0,0.00040346575554303616
"Eagle Lake","0101000020E61000004E33D5CE767857C01FD84382E8144640",4,2,0.0013466512497620669
"Bricelyn","0101000020E6100000937400190B7457C038A2D666C5C74540",2,1,0.0006762013803175426
"Elizabeth","0101000020E6100000304C48F95F0858C0439940829D304740",0,0,0.00037407464814596166
"Hazel Run","0101000020E6100000FC1D16A1DBED57C0E9CC1DB4CC5F4640",4,6,0.0007723599215376933
"Mayer","0101000020E6100000EFE3F638F97857C0FBAE953F83714640",14,9,0.0015499629048348347
"Osakis","0101000020E6100000136C0A5D75C857C034887223F3EE4640",2,0,0.0005438901290532422
"Osakis","0101000020E61000007CCC9A5C06CA57C0DCBE9F79A5EE4640",2,0,0.0005438901290532422
"Fertile","0101000020E610000049DFA895851258C012D1855559C44740",0,0,0.0003953240135251383
"Clinton","0101000020E6100000884FE598421C58C0F9C1AA9A4EBB4640",1,0,0.0004016092792152293
"Lake Park","0101000020E6100000915E0381450658C056C88D0421714740",0,0,0.000292006696676438
"Strandquist","0101000020E61000007343FECEAA1C58C03C014142A63E4840",0,0,0.0002568521611315287
"Sunburg","0101000020E61000003457F37B5CCF57C04AB68AFC7DAC4640",3,0,0.0006249901246037649
"Newfolden","0101000020E610000050ADC7471A1558C023E0DF6BA92D4840",0,0,0.00029916232578518573
"Nicollet","0101000020E6100000C4E4944F088C57C0570B907428234640",4,2,0.0010872485990989563
"Chokio","0101000020E61000003F345ABF250B58C06C6FE6B75DC94640",1,3,0.000549475434043762
"Alvarado","0101000020E61000008A2936F3E43F58C0A18D4462B1184840",0,0,0.00027184626798942743
"Shorewood","0101000020E61000007A58CC86176557C01771C9C6E7744640",76,70,0.007622863565156734
"Shorewood","0101000020E610000001B8B430896757C0F2025B8B03724640",76,70,0.007622863565156734
"Cedar Mills","0101000020E6100000ABF0EE8E43A157C0E556EE17B4784640",0,0,0.0007080767205648995
"Ranier","0101000020E61000001317D8C29D5657C012A3199EA04D4840",0,0,8.100030988975099e-05
"Glyndon","0101000020E6100000E103DB5E052558C02B4E8AE1776F4740",0,0,0.00042378440738080413
"Renville","0101000020E6100000FB31E1CB1BCD57C083EEA63737654640",4,6,0.0008663629891569182
"Comfrey","0101000020E61000007170BC3DD4B957C0D39C1784B90D4640",7,11,0.0015846088783073458
"Comfrey","0101000020E6100000D8E1A6DDC7B957C09C7D0FAC3E0E4640",7,11,0.0015846088783073458
"Spring Grove","0101000020E610000046E2EFD9CBE856C07458ABA9C3C74540",2,2,0.0003549205489423127
"Long Beach","0101000020E610000091E7D18781DB57C05E3D25F74FD34640",2,7,0.0006468126977709829
"Hayfield","0101000020E6100000EE330A48373657C01F1415B0F4F14540",3,3,0.0006515618607194883
"Hilltop","0101000020E610000055EC64EFFF4F57C08EF42C71DC864640",63,51,0.0061893894983766065
"Plymouth","0101000020E61000008599DB0E895D57C018B4A9DDDC824640",49,45,0.0063206990700304935
"Saint Anthony","0101000020E610000069498AC1054E57C086F4E3A051854640",100,105,0.011214674337155629
"Saint Anthony","0101000020E61000005E3BF7923DA757C0613707B92FD84640",100,105,0.011214674337155629
"Saint Anthony","0101000020E6100000DA3472B5DE4D57C00021B35EDB824640",100,105,0.011214674337155629
"Saint Hilaire","0101000020E6100000AD21494BAF0D58C0D886295CBD014840",0,0,0.00034289570208153946
"Zemple","0101000020E6100000B507726F517257C084601C0B12A94740",0,0,0.0002598192330920789
"Rock Creek","0101000020E6100000CB872363273A57C076635EE957E14640",4,3,0.0004682075954610448
"Dawson","0101000020E6100000595DB025390358C03016F9E3E6764640",3,2,0.0006933032615908624
"Hartland","0101000020E610000084C5F4FEFE5E57C0ADDD666CF2E64540",5,6,0.0008477723779859792
"Moose Lake","0101000020E6100000EB9D9F22FB3057C0BDB06D24DB384740",0,0,0.00043345406443006366
"Maple Plain","0101000020E610000000966E175A6A57C088C3294D21814640",28,27,0.003058885096552385
"Clarissa","0101000020E6100000CB3D96D2BDBC57C08B94767A71104740",0,0,0.0005012492670974136
"New Brighton","0101000020E6100000FBDC293E2F4D57C0A58737B26E884640",39,45,0.005852181914279172
"Golden Valley","0101000020E6100000F686FCCFFA5657C054567D88B97E4640",62,50,0.005405180944091373
"Wright","0101000020E6100000CF80891A704057C01FB5F79C14564740",0,0,0.000220572071045993
"Eveleth","0101000020E61000006D6344C6D52257C093258E835BBB4740",0,0,0.0002559968968775379
"Comstock","0101000020E61000004414B7F1C02F58C01D9E2C016C544740",0,0,0.00034843370897428704
"Cloquet","0101000020E61000004EC1E0A4811F57C03AD910946D5C4740",0,0,0.00025796189049403687
"Mound","0101000020E61000000D13B00F4B6A57C0DACA06D17F774640",29,53,0.0035179480449188676
"Nassau","0101000020E610000040ABE94D461C58C09D854915AB884640",1,1,0.00044933296203204245
"Oklee","0101000020E61000007D9EA4E25DF657C03F05205D59EB4740",0,0,0.00027374648310999684
"Morgan","0101000020E610000009D888A032BB57C03C6487413D354640",4,5,0.0009998733112880596
"Danvers","0101000020E610000073F88E2D61F057C07C2C0C1807A44640",4,4,0.0007057595448109529
"Johnson","0101000020E6100000D5FB4352B91258C00FD0FDDDDFC84640",1,0,0.0004498073748358623
"Meadowlands","0101000020E61000009055DA38CC2E57C029ED9A975A894740",0,0,0.00018131169816853004
"Minnesota City","0101000020E6100000FA526C58FCEF56C0EC0EFDA3D00B4640",5,3,0.00098647596552237
"Grand Rapids","0101000020E6100000B5398126116257C0396C1FD57E9E4740",0,0,0.00031009502365071423
"Richfield","0101000020E61000001D9C10531D5257C06B2D57CF2C704640",54,34,0.0047561653306916855
"Grant","0101000020E6100000D6665EF02C3A57C049BA9CC18E8A4640",21,28,0.002560314036952232
"Blomkest","0101000020E61000009741904388C157C0E55ADC24AF784640",3,3,0.0007437547564593222
"Fort Ripley","0101000020E6100000BD6695FD3B9757C0249D0780A1154740",2,0,0.0004981932026503569
"Shakopee","0101000020E6100000A3A14C79B75E57C0890ED12317634640",43,23,0.0031736670541443997
"Rochester","0101000020E6100000B273F9A1911E57C0559DA1F4DC014640",10,6,0.0013192618488926562
"Pine City","0101000020E610000044A6D79AE23D57C004091DB99CEB4640",1,1,0.0005046471924265115
"Manhattan Beach","0101000020E610000017ECC5CCEF8857C05AC181FA565E4740",0,0,0.0003702972754023991
"Minnetonka","0101000020E6100000E5A9FDF48E5D57C0652A930174774640",45,43,0.005354266730667837
"Sleepy Eye","0101000020E610000064DAFC364BAE57C091F4F4A444264640",6,5,0.0010435249798927393
"Hills","0101000020E61000007A1702B5FF1658C0E7CD7BBA8BC34540",1,0,0.000239745650156823
"Mountain Lake","0101000020E6100000596E35FB5EBB57C0800E6D5984F84540",2,1,0.0007926860076238789
"Winona","0101000020E610000084A9E4A0C5EA56C0BA1258E778064640",4,3,0.0008956050308559275
"Lindstrom","0101000020E6100000733E4940413657C06278F0D18CB14640",4,6,0.001124808280430772
"Chisago City","0101000020E61000007ADFA4F4583A57C05E43945C77AC4640",5,12,0.0012945498010321806
"Danube","0101000020E61000002A558F5A8EC657C0DAF4C82D5B654640",4,1,0.0008739018097234543
"Goodview","0101000020E610000081D69D2EE2ED56C040834EB2E1084640",4,10,0.0010030974206307526
"Biwabik","0101000020E6100000B20292D9AF1457C0ECB735FE10C74740",0,0,0.00014935464535026152
"Wells","0101000020E610000099C0B3D1F66E57C06DA4A3982CDF4540",3,3,0.0008820603712661029
"Rothsay","0101000020E610000068344DD3A31258C039BC24955E3C4740",0,0,0.0006183624928008012
"Rothsay","0101000020E6100000E7CC29F3C91158C0002E7BD6BD3C4740",0,0,0.0006183624928008012
"Saint Charles","0101000020E6100000B42BE67DC70357C0D53592CA0CFC4540",8,6,0.000758274126664429
"Winthrop","0101000020E610000006249BCE0F9757C0EEC6C3496E454640",4,3,0.0008595308660392842
"Hampton","0101000020E61000004541A129274057C012168F76E64D4640",11,13,0.0013930955323594267
"Coates","0101000020E6100000A6EFDDE20C4257C0BF1910F8885B4640",13,27,0.001899871580278406
"Clearbrook","0101000020E6100000FD72CA8278DB57C0CBFD972620D94740",0,0,0.0002749898026364643
"Brookston","0101000020E6100000CFB31651932657C05DB6E962C56E4740",0,0,0.00022891913756420068
"Aurora","0101000020E6100000BE6D6B65580F57C0D24993BCFFC34740",0,0,0.00013815553544593644
"Elmdale","0101000020E6100000DB3DEFBAA19F57C03094E2E4C0EA4640",1,2,0.0007485798840501888
"Elmore","0101000020E61000003DCA4BF1A58557C00B27CA3ECFC04540",2,1,0.00048218469734102426
"Gary","0101000020E6100000D54F7E3BFF1058C0BEADB0C2ACAF4740",0,0,0.0003246258944295032
"Marietta","0101000020E61000001B070945D21A58C0EC5EBE3654814640",0,0,0.00044730626130825733
"Vergas","0101000020E6100000B9B79B2E60F357C0AEFE6EB6CE534740",0,0,0.0003385969833280277
"Viking","0101000020E61000004A03BBAA081A58C01973A119ED1B4840",0,0,0.00030517630117529997
"Bagley","0101000020E6100000099BBB9FCDD957C08B111BE220C34740",0,0,0.00023642896914711334
"Sacred Heart","0101000020E6100000042E30B972D657C03D3D4C8110644640",5,1,0.000825145548943964
"Columbus","0101000020E6100000DC1EC92B2F4557C0FECCACA25CA24640",27,13,0.002061497864631632
"Two Harbors","0101000020E610000017607EE633EB56C068E5C075D9834740",0,0,8.77154806137737e-05
"Middle River","0101000020E6100000DAC25A4A590A58C0220D2FB0A7374840",0,0,0.0002515465458498191
"Kenyon","0101000020E610000096A6DA83173F57C000477CBEE5224640",4,4,0.000727870400657649
"Saint Stephen","0101000020E6100000472C0C388C9157C06B5C56B4BBD94640",2,1,0.0007779147644305289
"Belview","0101000020E6100000875D6CD116D557C065B379DFB24D4640",0,0,0.0008708854543092221
"New Ulm","0101000020E610000093A00A73FA9D57C0070C24F9FB274640",7,7,0.001046104711665203
"Mabel","0101000020E6100000B30738B427F156C0C35CD90F8AC24540",4,2,0.00040056689125414924
"Deephaven","0101000020E61000008BA4A6B0866157C0C8BA9474F6764640",40,32,0.004430422388275666
"Delhi","0101000020E6100000FA3287AEA7CD57C095FBFB3A8B4C4640",3,6,0.0009168821402808545
"Pease","0101000020E6100000FD4824758A6957C042D05BA18BD94640",3,2,0.0006367547751745952
"Tracy","0101000020E610000025A88D4462E757C0FA3DB2C6961E4640",2,1,0.0007672957444201214
"Backus","0101000020E6100000B8ECB9D8EDA057C055156F520D694740",0,0,0.00027428072668806813
"Sturgeon Lake","0101000020E61000004293375ABE3457C090EC732A69314740",0,0,0.0004740969602361435
"Brownton","0101000020E6100000FEC9DF5C769657C0405BD234C25D4640",4,5,0.0008942288188866246
"Nelson","0101000020E610000073D7E635F5D057C0415029D079F14640",0,0,0.0002081476958355417
"Brainerd","0101000020E6100000773F91C6AE8C57C0C517091A792D4740",0,0,0.000528076447686258
"Deer River","0101000020E610000096313F20C07257C02637EC7C6CAB4740",0,0,0.00026203004266399604
"Adrian","0101000020E6100000B45C7B05B7FB57C0522170180DD14540",2,1,0.0004170824087559772
"Canby","0101000020E6100000F82D3646391158C0F2C8D75E995B4640",1,0,0.00046636129736292437
"Hinckley","0101000020E6100000FA4212B13B3B57C0314C8A7391014740",0,0,0.00040101945744284794
"Minneota","0101000020E6100000870A26A4E2FE57C0B59C369D01484640",1,1,0.0007828410965596224
"Mora","0101000020E61000000DD5EACCAA5257C000C3880435F04640",0,0,0.0004926889885465273
"Dover","0101000020E6100000129B9379940857C07AE6559323FC4540",5,10,0.0007227735653028255
"Twin Valley","0101000020E610000043DD25C1961058C0994CEA4322A14740",0,0,0.0003477895385709176
"Easton","0101000020E6100000F7475A21997957C0804520810FE24540",1,0,0.0008597949926336265
"Eagle Bend","0101000020E61000000C217FC82EC257C053F1748A06154740",0,0,0.00044358456120281617
"Elkton","0101000020E61000007F2BA58B362D57C06F3CD42C81D44540",3,3,0.0005082372848884136
"Norcross","0101000020E610000083B01AA6900C58C0EB26120131EF4640",0,0,0.0005521951122854482
"Lafayette","0101000020E6100000F554061B229957C039E163473B394640",4,4,0.0007976423921060641
"Lake Saint Croix Beach","0101000020E61000005792BE6A043157C059FBF4A457764640",30,25,0.002683502793977249
"Loretto","0101000020E610000087D81D30A96857C0D69CBD2303874640",36,26,0.0032266804765459637
"Emmons","0101000020E6100000C5ED6FD20B5F57C068E988E0E6C04540",1,1,0.0004823662834522894
"Chatfield","0101000020E61000009906E2FCE20B57C08790803136ED4540",11,13,0.0014394080602031947
"Chatfield","0101000020E6100000A31AEFFC9F0B57C080D5667283EB4540",11,13,0.0014394080602031947
"Farwell","0101000020E6100000F5492AA79BE757C0A71403E44EE04640",1,0,0.00022223290598522843
"Ulen","0101000020E6100000EA4FDA1F851058C0B8F43FC1008A4740",0,0,0.0003032546228557133
"Seaforth","0101000020E61000000C71C96A2FD557C0C0273379F73C4640",5,6,0.0010034230712837472
"Bowlus","0101000020E61000007B0C6779109A57C06AA0DC83D6E84640",3,6,0.0007834841493337968
"Greenwood","0101000020E6100000C0D8C5D04E6357C0C57A2B9898744640",37,40,0.004473831083468363
"Scandia","0101000020E610000059DDC5F8F93457C022C7A6EF7BA04640",12,12,0.0012118998718635586
"Winton","0101000020E610000026FE220F3CF356C022A65DC1D7F64740",0,0,7.293285873856023e-05
"Baxter","0101000020E61000008B5D6566E29157C048C2CD69DA2B4740",0,0,0.0005363857954832537
"Hanley Falls","0101000020E610000073DFBA33A5E757C0BC8C0EB78D584640",2,2,0.0009878113716128018
"Borup","0101000020E61000002401C5AD5E2058C0806B5CC412974740",0,0,0.0003737593600839219
"Waubun","0101000020E6100000210CB26533FC57C0EB1CF6ECD9974740",0,0,0.00027334196364313233
"Beaver Creek","0101000020E61000006606B52C311758C0A8F5CC3668CE4540",1,0,0.00026772384792310113
"Ely","0101000020E61000009FD46BE081F656C08B186836E3F34740",0,0,7.80217986353893e-05
"Lake Lillian","0101000020E6100000B1BAA3D451B857C01425D04812794640",4,3,0.0008027156784862656
"Harding","0101000020E61000003158A3525B8257C019902E693E0F4740",1,0,0.0004370562004850555
"Doran","0101000020E6100000862552F9131F58C0DDB06BA8B2174740",0,0,0.00041286360462391416
"Flensburg","0101000020E6100000515C2B20ECA157C054B29E6C59F94640",1,5,0.0006952181947508547
"Herman","0101000020E6100000D0D94A040C0958C0A8E07494BFE74640",1,0,0.0005808186517299954
"Kent","0101000020E610000012CEAF05AC2B58C0A8C2AACB1E384740",0,0,0.000329111502916727
"Watson","0101000020E610000001637C8736F357C08ACC25B541814640",2,0,0.0008511968083491503
"Clara City","0101000020E6100000B45DC8297DD757C0E5FDA806967A4640",5,1,0.0007912793572072112
"Inver Grove Heights","0101000020E6100000D5DBFA15D14357C043808A8D90694640",32,28,0.003417900468200023
"Blooming Prairie","0101000020E61000001433BC71D14257C0A79825954DEF4540",8,10,0.0014197418661426732
"Blooming Prairie","0101000020E6100000B1C9AE399B4357C09008694710EF4540",8,10,0.0014197418661426732
"New Trier","0101000020E6100000A2C50EE2B23B57C04F52F4B5494D4640",8,21,0.0012577487171263344
"Edgerton","0101000020E6100000153028FE570858C0ABA4084008F04540",0,0,0.0004665988315395633
"Louisburg","0101000020E61000006FE0D134EF0A58C04198F7B405954640",5,3,0.0006602174737564649
"Mountain Iron","0101000020E610000022B2DC5A032857C06848D51C11C64740",0,0,0.0001791213756568158
"Waite Park","0101000020E6100000AB4755042C9057C02B47627708C44640",7,3,0.0009967406284003635
"Little Canada","0101000020E61000001C346416854557C051F54DD21F834640",28,47,0.004550401685813858
"Mantorville","0101000020E6100000C2B68336333057C09E9A310261084640",6,3,0.000836211584164063
"Argyle","0101000020E6100000EE9E78F53D3458C056DD8D0A132B4840",0,0,0.000256416513302956
"Solway","0101000020E6100000A87BABCF55C857C0F05AC3E5AFC24740",0,0,0.00019119511722895285
"Clarks Grove","0101000020E6100000CC639C2DF25457C083BD54B3A1E14540",4,4,0.0007874149026937809
"Grasston","0101000020E6100000758D7DA6C34957C027E966EADBE54640",0,0,0.0006116458142912736
"Altura","0101000020E6100000479824A563FC56C00BDE38F237084640",4,8,0.0006713179528288176
"Hammond","0101000020E61000007F261105F51757C0E8B675E87C1C4640",7,8,0.0009620765464128078
"Kellogg","0101000020E6100000D565BEE7EDFF56C0C04E4BFC58274640",6,7,0.0007532347106790321
"McKinley","0101000020E61000004475C5D3F51957C08E4101942FC14740",0,0,0.00019033902761233243
"Frazee","0101000020E6100000A71F1C1EFBEC57C0AEEF3468305D4740",0,0,0.00032615957313395394
"McGregor","0101000020E61000004DE4C8598E5357C094516927E74D4740",0,0,0.00021735863929732907
"McIntosh","0101000020E6100000BA0178ACBAF857C01156CDC086D14740",0,0,0.0003149709272776113
"Sobieski","0101000020E61000003FF4A5DDD99E57C0923BA5B425F64640",2,0,0.0007112113706792297
"McGrath","0101000020E6100000BC301B60985157C073D86CC0FF1E4740",0,0,0.000248657806061924
"Bloomington","0101000020E6100000BCB91EDC2D5457C0320B489A516A4640",36,42,0.005074497597535549
"West Saint Paul","0101000020E610000057DF921D7D4557C02F43710A70734640",35,30,0.0043712872897573056
"Garrison","0101000020E61000002646E7A2E67457C0E6A7AFC347264740",2,1,0.00038541507442686496
"Waterville","0101000020E6100000D68A3E7CC46457C009F6BACB981C4640",8,4,0.0010980921453778286
"Claremont","0101000020E6100000AA2B67EAD13F57C05459B20EBF054640",4,2,0.0006392903258029888
"Belle Plaine","0101000020E6100000D6BD1B70E47057C0870F17DD374F4640",6,5,0.0008638823697567931
"Browns Valley","0101000020E6100000AABA431E4B3558C01F9FE84E1ECC4640",0,0,0.0002569347339313464
"Saint Louis Park","0101000020E610000012103DA95A5757C0164A9EB970794640",52,33,0.005648755335380707
"Medina","0101000020E6100000340020A5556557C092881DD62E844640",36,25,0.0035916427374998866
"Walker","0101000020E6100000F59CDA3CA3A557C0CB17E41E8F8B4740",0,0,0.00018207003910020538
"Pelican Rapids","0101000020E6100000833EBB97800558C068CEDB35FB484740",0,0,0.0003421919335174083
"Tower","0101000020E61000007CDBDB80F61157C05FAD5E53B9E74740",0,0,7.25400696535813e-05
"Shafer","0101000020E6100000C6423AFF363057C073C90A63E9B14640",3,0,0.0007497557199010432
"Litchfield","0101000020E61000008017AEBCA1A157C0049345FFA08F4640",9,9,0.0008811872198894423
"Zumbrota","0101000020E61000006488B6C11A2B57C078828B14BF254640",5,9,0.0009398792229589865
"Fergus Falls","0101000020E61000006E157FA7D20458C070D34F098D244740",1,3,0.0005044583637877408
"Slayton","0101000020E610000010E1D24689F057C0199BF4A2BFFE4540",0,0,0.0005352997476797621
"Buffalo","0101000020E6100000F65853F6467757C06139E5A302974640",16,15,0.0017151195700678132
"Dodge Center","0101000020E61000002A413E986A3657C08E71B666A9034640",7,11,0.0007732071341107793
"Miltona","0101000020E6100000BD2FAEFBC2D257C079CC1CC0EA054740",0,0,0.00021287692289457356
"Saint James","0101000020E61000008C39231F08A857C0A8F02AD3DEFD4540",6,1,0.0009403832443192202
"Woodland","0101000020E61000001C5F806CE06057C002C63A32A0794640",54,35,0.004383787076473104
"Goodhue","0101000020E610000042F6F8E7072857C0539A3FA021334640",9,10,0.0007177714689426871
"Harmony","0101000020E6100000E6E7B28A790057C062B8ED36F6C64540",1,3,0.00043223720544984906
"Holdingford","0101000020E6100000CED5D99B289E57C04A6CAACC79DD4640",3,4,0.0007968374134938501
"Northfield","0101000020E6100000D901D571894A57C0EA12EB95B4394640",12,21,0.0024032445194511515
"Northfield","0101000020E6100000B6AFF75F724C57C0D5CE55CFDE3C4640",12,21,0.0024032445194511515
"Saint Joseph","0101000020E6100000DDCB360F689357C088DBE2A766C84640",1,1,0.0009262919720924038
"East Grand Forks","0101000020E61000006E79CA0CE04058C039E26D7AD8F64740",0,0,0.00023286533059483836
"Parkers Prairie","0101000020E6100000CEAA5A720FD557C02571F8179A134740",1,0,0.00018674135598286282
"La Prairie","0101000020E61000001C5CD250735F57C0048D67AE749D4740",0,0,0.00031135016202888776
"Wilder","0101000020E61000004E61B3982CCD57C0016CA824FDE94540",1,0,0.0005746324043908965
"Garvin","0101000020E6100000C3CFBC9FAEF057C0C9AC3240691B4640",3,1,0.0005598175006907585
"Albert Lea","0101000020E61000001E232936515757C0E2FF3E0BD2D34540",4,3,0.0008049980570651299
"Barrett","0101000020E6100000126560C73DF957C0400AF7A9C9F44640",2,1,0.0005080714799006807
"Cologne","0101000020E6100000E9FCD47AC27257C087C3D04581624640",12,20,0.0014731466347845542
"Rutledge","0101000020E610000025C4FCDFA73757C0F1210BD4E4204740",1,0,0.0004986300245524842
"Saint Leo","0101000020E610000065B9A6A05D0358C0975D2FECD05B4640",1,2,0.0006373391056628366
"Winsted","0101000020E61000009BF33E9F308357C0E9894AB1877A4640",9,14,0.0012295074580832678
"Orr","0101000020E61000009AB0F4A7C73457C08BEE8CFC9E074840",0,0,6.686221302491384e-05
"Roseville","0101000020E61000009E162E96E34957C0EC9868ABFC814640",38,42,0.005546594783511469
"Squaw Lake","0101000020E6100000EEC2686AD78857C0CC814A634FD04740",0,0,0.00011482046431275022
"Andover","0101000020E61000006DAF6643E55457C0A44AC713E8A04640",39,34,0.002942337877065469
"Long Prairie","0101000020E61000003252DC9633B757C0EDCCB06B1FFD4640",1,0,0.0005890189598351637
"Arco","0101000020E6100000B403E851AF0B58C0664181F31E314640",0,0,0.00033418772111276434
"Sabin","0101000020E6100000CCE44845EC2958C03F1AD8FC06644740",0,0,0.00041001513530998247
"Landfall","0101000020E6100000793F481E8A3E57C0DBE756AFAB794640",25,29,0.00317305739989348
"Ostrander","0101000020E6100000852627F46E1B57C06D1A164E9ACE4540",4,2,0.0005418785815703091
"Bellingham","0101000020E61000009F5B66C92E1258C0168AD3F176914640",2,1,0.0005978963403412358
"Melrose","0101000020E6100000931F09D004B457C08E7D91AD7CD64640",1,2,0.0008363852661182334
"Howard Lake","0101000020E61000002BE1E03E468457C04153F09BC2874640",6,18,0.0011101753866312979
"Watertown","0101000020E6100000337AA3F5F27557C07EB7C00AEE7A4640",9,12,0.0017720263308719259
"Arlington","0101000020E6100000B0ACF24AE48457C0FAC738D0DE4D4640",7,4,0.0006142767947795821
"Barnesville","0101000020E61000006588BA88951A58C0CF7D6C3544534740",0,0,0.0003558278177313719
"Grand Meadow","0101000020E6100000240E77C87D2457C0C1CEA35465DA4540",6,3,0.0006454800517923657
"Lino Lakes","0101000020E610000025F0875D4F4557C0CE50ACF07A954640",23,24,0.003436317780487499
"Henning","0101000020E61000007CEE37D552DC57C0E607DBDA74294740",0,0,0.000348084732627272
"Lismore","0101000020E6100000D9218468ADFC57C06088408FD7DF4540",0,0,0.0004050399013005613
"Champlin","0101000020E610000088BE8FDDFA5857C094BE169BCD954640",39,33,0.00465725221467304
"Halstad","0101000020E61000007358C359DA3458C038DEF8C4F0AC4740",0,0,0.0003624232389933181
"Walnut Grove","0101000020E6100000B3EF620D0ADE57C05DDD28A2CD1C4640",4,0,0.000878867576586817
"Frost","0101000020E610000096C5A602307B57C0045EF16DD3CA4540",5,1,0.000647981224428385
"Chickamaw Beach","0101000020E6100000EBC8E9758C9857C0A9CB66A4595F4740",0,0,0.0003699567055099578
"Beaver Bay","0101000020E61000009A63A62A99D356C03AE88A9DCAA04740",0,0,9.26981538334096e-05
"Hadley","0101000020E61000002FCFC701E0F657C098E32AB6D7FF4540",0,0,0.0004411256878505934
"Woodbury","0101000020E61000009B2CC934123B57C0F781489DE8734640",33,39,0.003532202732233754
"Taopi","0101000020E6100000F7AE186CFB2857C0CAF686935BC74540",1,1,0.00044751660199119877
"Cosmos","0101000020E610000052A0DBC87EAC57C02778D811BC774640",7,3,0.0007430904006056117
"Manchester","0101000020E61000007D85D712D95C57C04B1E12DEDCDC4540",6,3,0.0008527101333944952
"Chandler","0101000020E6100000927E10FBF7FC57C0C446CA09E6F64540",0,0,0.00039207656782578546
"Karlstad","0101000020E6100000E74E2BE20B2158C0F349A6EE054A4840",0,0,0.0002473036485384777
"Ivanhoe","0101000020E610000094112861101058C047408481973B4640",0,0,0.00032315514593664064
"Kingston","0101000020E61000005029C91AE79357C0A84D441F15994640",7,7,0.0006181439035525063
"Darfur","0101000020E610000096428EC99DB557C03D30E9FBD8064640",1,5,0.0008970281521161658
"Rushford Village","0101000020E6100000D63411B6A7F256C0F227D80AD4E64540",4,1,0.000683163976584508
"Arden Hills","0101000020E610000061CD2BF5B04A57C03CA9AECF3D894640",49,39,0.005121576342289986
"West Union","0101000020E6100000C953A313D9C557C0B1EA7E53E5E54640",1,1,0.0005327160197989421
"Coleraine","0101000020E610000005493708F55C57C0DEC7B407C6A14740",0,0,0.0002799754859160628
"Gem Lake","0101000020E6100000D1B83553964257C057E33F666B874640",39,30,0.004178729074294771
"Nerstrand","0101000020E610000054859A93184457C0D37B333AE52B4640",3,4,0.0007009434086205933
"Greenbush","0101000020E6100000F8417288BF0B58C06D68AD93BD594840",0,0,0.000171632750322341
"Kelliher","0101000020E6100000F88F6F3F759C57C07D18625AD0F84740",0,0,8.120508319403619e-05
"Browerville","0101000020E610000084DAB2BA55B757C0C0D15DB3550A4740",3,3,0.0005338748910681794
"Mahnomen","0101000020E6100000C167482DEAFD57C0F3852C374AA84740",0,0,0.00031293070547813316
"Ironton","0101000020E610000050BD7A14DD7F57C02762FA22A83D4740",0,0,0.0005738169099337519
"Eitzen","0101000020E61000003698BC2DACDD56C0227E3CBE09C14540",1,1,0.00028132332022250107
"Rushmore","0101000020E610000002661A9023F357C0D0DFDD2453CF4540",1,2,0.0003534163439821539
"Long Lake","0101000020E610000025BAD3DB6B6457C065D2A0AFF47D4640",40,31,0.00378552651658586
"Henderson","0101000020E61000006893D3322E7A57C084CA1CE793434640",4,5,0.0007633325833323817
"Nimrod","0101000020E61000002A5E587F59B857C02775346997514740",0,0,0.00030451940605315687
"Gilbert","0101000020E610000093A55A14861D57C0459A92B3E1BE4740",0,0,0.00020384125145843918
"Granada","0101000020E61000006908669A5E9657C0CB1A1308B6D84540",0,0,0.0007104483717761229
"Hackensack","0101000020E610000042FD51EF02A157C0F29FFD63A7764740",0,0,0.00024341582060787093
"Columbia Heights","0101000020E6100000037997D0CF4F57C04CFBC01930864640",83,69,0.006664839386131993
"Onamia","0101000020E610000089F82923B36A57C0A34DC14EFD084740",0,0,0.0004417210213715501
"Waltham","0101000020E6100000881510F4FA3757C0E21C0BDBDEE84540",4,2,0.0006278530552462625
"Graceville","0101000020E6100000FA052330FC1B58C0ECAE7A86CBC84640",0,0,0.000493298562596662
"Askov","0101000020E610000043FD6ABB123257C01070792E25184740",0,0,0.0004085694836482025
"Myrtle","0101000020E61000009D13C3EC6E4A57C0A5633AC618C84540",3,1,0.0005516386932196143
"Magnolia","0101000020E6100000983ABEBBD10458C0D5C98BCC74D24540",0,0,0.00035609214670934977
"Kensington","0101000020E610000068B8897298EC57C0FB37BCA89CE34640",0,0,0.0005331793233086927
"Rice","0101000020E61000006A2617BEF48E57C050CB9D4E56E04640",2,1,0.0007746061111736417
"Gibbon","0101000020E610000017D5BA3F8CA157C0F8F6D12641444640",2,8,0.0008177912734758518
"Turtle River","0101000020E6100000F1E2388E87B057C06A9FEEAB4ECB4740",0,0,0.0001590091968510482
"Richville","0101000020E61000001870C05614E857C06039DE5AC5404740",0,0,0.0003450567220911986
"Wheaton","0101000020E6100000851386CFE11F58C06EB5A59526E74640",0,0,0.0004503563634716205
"Plainview","0101000020E6100000929218D5DD0A57C0C6857EC419154640",13,5,0.0007759450930319597
"Albertville","0101000020E6100000B5F7C1B95B6A57C01BCAC91B429E4640",19,27,0.0025297469789108983
"Storden","0101000020E610000010969D1C4BD457C0B5AD556C11054640",1,0,0.0006177159450267932
"Rosemount","0101000020E6100000C421B2BC3B4457C0FE490F1A905F4640",31,23,0.00243482283729501
"Circle Pines","0101000020E6100000A4CB3C00A24957C0C27AF15A08924640",35,40,0.004300898541045045
